BIGGEST AND BEST ALLCHINABUY SPREADSHEET 2024,,,,,,
,,,,,,
Regular updates!,,,,,,
£100+ OF COUPONS!,,,,,,
Image,Price,,,,NAME,LINK
,GBP,EURO,USD,CNY,,
,,,,,,
Recommended,,,,,,
,£42.35,€ 46.20,$53.90,¥385.00,Yeezy 700 (7 colours),https://www.allchinabuy.com/en/page/buy/?nTag=Home-search&from=search-input&_search=url&position=&url=https%3A%2F%2Fshop1737183540.v.weidian.com%2Fitem.html%3FitemID%3D7238969227%26wfr%3Ddecoration-qrcode_wxh5%26share_relation%3Dec94fd7bf928a357_1852621038_1%26spider_token%3D5999&partnercode=Jimmys
,£37.40,€ 40.80,$47.60,¥340.00,Nike vapourwaffle (8 colours),https://www.allchinabuy.com/en/page/buy/?nTag=Home-search&from=search-input&_search=url&position=&url=https%3A%2F%2Fshop1737183540.v.weidian.com%2Fitem.html%3FitemID%3D7233585399%26wfr%3Ddecoration-qrcode_wxh5%26share_relation%3Dec94fd7bf928a357_1852621038_1%26spider_token%3Df291&partnercode=Jimmys
,£35.75,€ 39.00,$45.50,¥325.00,Nike uptempo (17 colours),https://www.allchinabuy.com/en/page/buy/?nTag=Home-search&from=search-input&_search=url&position=&url=https%3A%2F%2Fshop1737183540.v.weidian.com%2Fitem.html%3FitemID%3D7234268940%26wfr%3Ddecoration-qrcode_wxh5%26share_relation%3Dec94fd7bf928a357_1852621038_1%26spider_token%3D3890&partnercode=Jimmys
,£34.10,€ 37.20,$43.40,¥310.00,Nike p6000,https://www.allchinabuy.com/en/page/buy/?nTag=Home-search&from=search-input&_search=url&position=&url=https%3A%2F%2Fshop1737183540.v.weidian.com%2Fitem.html%3FitemID%3D7239929855%26wfr%3Ddecoration-qrcode_wxh5%26share_relation%3Dec94fd7bf928a357_1852621038_1%26spider_token%3Db7d5&partnercode=Jimmys
,£31.35,€ 34.20,$39.90,¥285.00,Adidas ultra boosts (10 colours),https://www.allchinabuy.com/en/page/buy/?nTag=Home-search&from=search-input&_search=url&position=&url=https%3A%2F%2Fshop1737183540.v.weidian.com%2Fitem.html%3FitemID%3D7238976040%26wfr%3Ddecoration-qrcode_wxh5%26share_relation%3Dec94fd7bf928a357_1852621038_1%26spider_token%3D5aae&partnercode=Jimmys
,£28.60,€ 31.20,$36.40,¥260.00,New balance 2002r (10 colours),https://www.allchinabuy.com/en/page/buy/?nTag=Home-search&from=search-input&_search=url&position=&url=https%3A%2F%2Fshop1737183540.v.weidian.com%2Fitem.html%3FitemID%3D7239001907%26wfr%3Ddecoration-qrcode_wxh5%26share_relation%3Dec94fd7bf928a357_1852621038_1%26spider_token%3D4388&partnercode=Jimmys
,£28.60,€ 31.20,$36.40,¥260.00,New balance 990 v2 (4 colours),https://www.allchinabuy.com/en/page/buy/?nTag=Home-search&from=search-input&_search=url&position=&url=https%3A%2F%2Fshop1737183540.v.weidian.com%2Fitem.html%3FitemID%3D7238805189%26wfr%3Ddecoration-qrcode_wxh5%26share_relation%3Dec94fd7bf928a357_1852621038_1%26spider_token%3Df7e1&partnercode=Jimmys
,£28.05,€ 30.60,$35.70,¥255.00,New balance 990 v3 (3 colours),https://www.allchinabuy.com/en/page/buy/?nTag=Home-search&from=search-input&_search=url&position=&url=https%3A%2F%2Fshop1737183540.v.weidian.com%2Fitem.html%3FitemID%3D7238923393%26wfr%3Ddecoration-qrcode_wxh5%26share_relation%3Dec94fd7bf928a357_1852621038_1%26spider_token%3D037c&partnercode=Jimmys
,£26.40,€ 28.80,$33.60,¥240.00,On cloud running shoes (5 colours),https://www.allchinabuy.com/en/page/buy/?nTag=Home-search&from=search-input&_search=url&position=&url=https%3A%2F%2Fshop1737183540.v.weidian.com%2Fitem.html%3FitemID%3D7239186949%26wfr%3Ddecoration-qrcode_wxh5%26share_relation%3Dec94fd7bf928a357_1852621038_1%26spider_token%3Dc0a9&partnercode=Jimmys
,£24.20,€ 26.40,$30.80,¥220.00,Onitsuka tiger Mexico 66 (12 colours),https://www.allchinabuy.com/en/page/buy/?nTag=Home-search&from=search-input&_search=url&position=&url=https%3A%2F%2Fshop1737183540.v.weidian.com%2Fitem.html%3FitemID%3D7233666041%26wfr%3Ddecoration-qrcode_wxh5%26share_relation%3Dec94fd7bf928a357_1852621038_1%26spider_token%3D6d42&partnercode=Jimmys
,£20.90,€ 22.80,$26.60,¥190.00,Adidas samba wales bonner,https://www.allchinabuy.com/en/page/buy/?nTag=Home-search&from=search-input&_search=url&position=&url=https%3A%2F%2Fshop1737183540.v.weidian.com%2Fitem.html%3FitemID%3D7238981964%26wfr%3Ddecoration-qrcode_wxh5%26share_relation%3Dec94fd7bf928a357_1852621038_1%26spider_token%3D0e20&partnercode=Jimmys
,£38.50,€ 42.00,$49.00,¥350.00,Air force PlayStation,https://www.allchinabuy.com/en/page/buy/?nTag=Home-search&from=search-input&_search=url&position=&url=https%3A%2F%2Fshop1839806137.v.weidian.com%2Fitem.html%3FitemID%3D7238636114%26vc_cps_track%3D1459920903_0_0%26spider_token%3D4355&partnercode=Jimmys
,£36.30,€ 39.60,$46.20,¥330.00,Ugg slippers,https://www.allchinabuy.com/en/page/buy/?nTag=Home-search&from=search-input&_search=url&position=&url=https%3A%2F%2Fshop1839806137.v.weidian.com%2Fitem.html%3FitemID%3D7238692230%26vc_cps_track%3D1459920903_0_0%26spider_token%3D7e00&partnercode=Jimmys
,£25.30,€ 27.60,$32.20,¥230.00,Air max 95 (14 colours),https://www.allchinabuy.com/en/page/buy/?nTag=Home-search&from=search-input&_search=url&position=&url=https%3A%2F%2Fshop1839806137.v.weidian.com%2Fitem.html%3FitemID%3D7240306980%26vc_cps_track%3D1459920903_0_0%26spider_token%3D8490&partnercode=Jimmys
,£30.47,€ 33.24,$38.78,¥277.00,Air max 90 off white (3 colours),https://www.allchinabuy.com/en/page/buy/?nTag=Home-search&from=search-input&_search=url&position=&url=https%3A%2F%2Fshop1786920409.v.weidian.com%2Fitem.html%3FitemID%3D7235392109%26vc_cps_track%3D1459920903_0_0%26spider_token%3D7c59&partnercode=Jimmys
,£30.47,€ 33.24,$38.78,¥277.00,Louis Vuitton air force one,https://www.allchinabuy.com/en/page/buy/?nTag=Home-search&from=search-input&_search=url&position=&url=https%3A%2F%2Fshop1786920409.v.weidian.com%2Fitem.html%3FitemID%3D7236714262%26vc_cps_track%3D1459920903_0_0%26spider_token%3D6cba&partnercode=Jimmys
,£27.50,€ 30.00,$35.00,¥250.00,Stussy air force one (2 colours),https://www.allchinabuy.com/en/page/buy/?nTag=Home-search&from=search-input&_search=url&position=&url=https%3A%2F%2Fshop1786920409.v.weidian.com%2Fitem.html%3FitemID%3D7236375870%26vc_cps_track%3D1459920903_0_0%26spider_token%3D23c0&partnercode=Jimmys
,£28.93,€ 31.56,$36.82,¥263.00,Zoom alphafly (12 colours),https://www.allchinabuy.com/en/page/buy/?nTag=Home-search&from=search-input&_search=url&position=&url=https%3A%2F%2Fshop1786920409.v.weidian.com%2Fitem.html%3FitemID%3D7233344003%26vc_cps_track%3D1459920903_0_0%26spider_token%3D4d58&partnercode=Jimmys
,£25.19,€ 27.48,$32.06,¥229.00,Adidas uperstar (9 styles),https://www.allchinabuy.com/en/page/buy/?nTag=Home-search&from=search-input&_search=url&position=&url=https%3A%2F%2Fshop1786920409.v.weidian.com%2Fitem.html%3FitemID%3D7234714247%26vc_cps_track%3D1459920903_0_0%26spider_token%3Dcbd1&partnercode=Jimmys
,£33.55,€ 36.60,$42.70,¥305.00,New York Yankees denim jacket,https://www.allchinabuy.com/en/page/buy/?nTag=Home-search&from=search-input&_search=url&position=&url=https%3A%2F%2Fshop1786920409.v.weidian.com%2Fitem.html%3FitemID%3D7235389085%26vc_cps_track%3D1459920903_0_0%26spider_token%3Dab90&partnercode=Jimmys
,£29.70,€ 32.40,$37.80,¥270.00,Balenciaga football shirt (2 colours),https://www.allchinabuy.com/en/page/buy/?nTag=Home-search&from=search-input&_search=url&position=&url=https%3A%2F%2Fshop1786920409.v.weidian.com%2Fitem.html%3FitemID%3D7236399709%26vc_cps_track%3D1459920903_0_0%26spider_token%3D0d2b&partnercode=Jimmys
,£42.68,€ 46.56,$54.32,¥388.00,Vetements zip up hoodie (2 colours),https://www.allchinabuy.com/en/page/buy/?nTag=Home-search&from=search-input&_search=url&position=&url=https%3A%2F%2Fitem.taobao.com%2Fitem.htm%3Fid%3D756025086267&partnercode=Jimmys
,£31.68,€ 34.56,$40.32,¥288.00,Extremely baggy jeans ,https://www.allchinabuy.com/en/page/buy/?nTag=Home-search&from=search-input&_search=url&position=&url=https%3A%2F%2Fitem.taobao.com%2Fitem.htm%3Fid%3D756025410865&partnercode=Jimmys
,£22.88,€ 24.96,$29.12,¥208.00,Yeezy gap hoodie (4 colours),https://www.allchinabuy.com/en/page/buy/?nTag=Home-search&from=search-input&_search=url&position=&url=https%3A%2F%2Fitem.taobao.com%2Fitem.htm%3Fid%3D755974713615&partnercode=Jimmys
,£20.68,€ 22.56,$26.32,¥188.00,Ami long sleeve shirt (12 colours),https://www.allchinabuy.com/en/page/buy/?nTag=Home-search&from=search-input&_search=url&position=&url=https%3A%2F%2Fitem.taobao.com%2Fitem.htm%3Fid%3D755991509647&partnercode=Jimmys
,£20.68,€ 22.56,$26.32,¥188.00,ADWYSD tracksuits (8 styles),https://www.allchinabuy.com/en/page/buy/?nTag=Home-search&from=search-input&_search=url&position=&url=https%3A%2F%2Fitem.taobao.com%2Fitem.htm%3Fid%3D760919988291&partnercode=Jimmys
,£17.38,€ 18.96,$22.12,¥158.00,Ami sweater (5 colours),https://www.allchinabuy.com/en/page/buy/?nTag=Home-search&from=search-input&_search=url&position=&url=https%3A%2F%2Fitem.taobao.com%2Fitem.htm%3Fid%3D759205401041&partnercode=Jimmys
,£9.68,€ 10.56,$12.32,¥88.00,Deftones T-shirt ,https://www.allchinabuy.com/en/page/buy/?nTag=Home-search&from=search-input&_search=url&position=&url=https%3A%2F%2Fitem.taobao.com%2Fitem.htm%3Fid%3D756030670082%26securitydegrade%3Dtrue&partnercode=Jimmys
,£9.68,€ 10.56,$12.32,¥88.00,ADWYSD T-shirt (21 styles),https://www.allchinabuy.com/en/page/buy/?nTag=Home-search&from=search-input&_search=url&position=&url=https%3A%2F%2Fitem.taobao.com%2Fitem.htm%3Fid%3D758728872035&partnercode=Jimmys
,£10.89,€ 11.88,$13.86,¥99.00,Corteiz football shirt (5 colours),https://www.allchinabuy.com/en/page/buy/?nTag=Home-search&from=search-input&_search=url&position=&url=https%3A%2F%2Fitem.taobao.com%2Fitem.htm%3Fid%3D755050141132&partnercode=Jimmys
,£14.85,€ 16.20,$18.90,¥135.00,Sp5der tracksuits (28 styles),https://www.allchinabuy.com/en/page/buy/?nTag=Home-search&from=search-input&_search=url&position=&url=https%3A%2F%2Fitem.taobao.com%2Fitem.htm%3Fid%3D746375801826&partnercode=Jimmys
,£22.88,€ 24.96,$29.12,¥208.00,Nike Stussy air max 2013 (4 colours),https://www.allchinabuy.com/en/page/buy/?nTag=Home-search&from=search-input&_search=url&position=&url=https%3A%2F%2Fshop1786920409.v.weidian.com%2Fitem.html%3FitemID%3D7235954286%26vc_cps_track%3D1459920903_0_0%26spider_token%3Dc6ec&partnercode=Jimmys
,£21.45,€ 23.40,$27.30,¥195.00,Vans knu skool ,https://www.allchinabuy.com/en/page/buy/?nTag=Home-search&from=search-input&_search=url&position=&url=https%3A%2F%2Fshop1786920409.v.weidian.com%2Fitem.html%3FitemID%3D7235485661%26vc_cps_track%3D1459920903_0_0%26spider_token%3D0876&partnercode=Jimmys
,,,,,,
TRAINERS/SHOES,,,,,,
Nike,,,,,,
,£42.90,€ 46.80,$54.60,¥390.00,Kobe 5 (23 colours),https://www.allchinabuy.com/cn/page/buy/?nTag=Home-search&from=search-input&_search=url&position=&url=https%3A%2F%2Fweidian.com%2Fitem.html%3FitemID%3D7233119208%26spider_token%3D0ad3&partnercode=Jimmys
,£24.20,€ 26.40,$30.80,¥220.00,Air max tn (18 colours),https://www.allchinabuy.com/en/page/buy/?url=https%3A%2F%2Fweidian.com%2Fitem.html%3FitemId%3D7222932464%26vc_cps_track%3D1459920903_0_0&&&partnercode=Jimmys
,£36.30,€ 39.60,$46.20,¥330.00,Nike dunk (38 styles),https://www.allchinabuy.com/en/page/buy/?nTag=Home-search&from=search-input&_search=url&position=&url=https%3A%2F%2Fweidian.com%2Fitem.html%3FitemID%3D7225105819%26spider_token%3D75ce&partnercode=Jimmys
,£18.48,€ 20.16,$23.52,¥168.00,Air force 1 (34 colours),https://www.allchinabuy.com/en/page/buy/?nTag=Home-search&from=search-input&_search=url&position=&url=https%3A%2F%2Fweidian.com%2Fitem.html%3FitemID%3D7237001235%26spider_token%3D989b&&partnercode=Jimmys
,£39.71,€ 43.32,$50.54,¥361.00,Dunk sb (37 styles),https://www.allchinabuy.com/cn/page/buy/?nTag=Home-search&from=search-input&_search=url&position=&url=https%3A%2F%2Fk.youshop10.com%2F-h1FZGCQ&&partnercode=Jimmys
,£47.96,€ 52.32,$61.04,¥436.00,Nike basketball shoes (14 colours),https://www.allchinabuy.com/en/page/buy/?nTag=Home-search&from=search-input&_search=url&position=&url=https%3A%2F%2Fweidian.com%2Fitem.html%3FitemID%3D7233130688%26spider_token%3D4686&partnercode=Jimmys
,£31.90,€ 34.80,$40.60,¥290.00,Exclusive Nike dunk sb (35 styles),https://www.allchinabuy.com/en/page/buy/?url=https%3A%2F%2Fweidian.com%2Fitem.html%3FitemId%3D7231845598%26vc_cps_track%3D1459920903_0_0&&&partnercode=Jimmys
,£15.40,€ 16.80,$19.60,¥140.00,Budget corteiz air max 95 (5 colours),https://www.allchinabuy.com/en/page/buy/?url=https%3A%2F%2Fitem.taobao.com%2Fitem.htm%3Fid%3D726145768645%26ali_trackid%3D2%3Amm_117358474_33384934_118778578&partnercode=Jimmys
,£26.40,€ 28.80,$33.60,¥240.00,Nike supreme shox (10 colours),https://www.allchinabuy.com/en/page/buy/?url=https%3A%2F%2Fweidian.com%2Fitem.html%3FitemId%3D6589250609%26vc_cps_track%3D1459920903_0_0%26vc_cps_track%3D1459920903_0_0&partnercode=Jimmys
,£20.90,€ 22.80,$26.60,¥190.00,Air max 90 ,https://www.allchinabuy.com/en/page/buy/?url=https%3A%2F%2Fweidian.com%2Fitem.html%3FitemId%3D4456327661%26vc_cps_track%3D1459920903_0_0&nTag=Cart-product&partnercode=Jimmys
,£9.90,€ 10.80,$12.60,¥90.00,Budget af1 (24 colours) ,https://www.allchinabuy.com/en/page/buy/?url=https%3A%2F%2Fweidian.com%2Fitem.html%3FitemId%3D7231813766%26vc_cps_track%3D1459920903_0_0&nTag=Cart-product&partnercode=Jimmys
,£31.90,€ 34.80,$40.60,¥290.00,Nike air max 95 corteiz (3 colours),https://www.allchinabuy.com/en/page/buy/?nTag=Home-search&from=search-input&_search=url&position=&url=https%3A%2F%2Fweidian.com%2Fitem.html%3FitemID%3D7238647762%26spider_token%3D5526&partnercode=Jimmys
,£22.00,€ 24.00,$28.00,¥200.00,Special air force ones (25 styles),https://www.allchinabuy.com/en/page/buy/?nTag=Home-search&from=search-input&_search=url&position=&url=https%3A%2F%2Fweidian.com%2Fitem.html%3FitemID%3D7238735184%26spider_token%3Dd1ee&partnercode=Jimmys
,£17.60,€ 19.20,$22.40,¥160.00,Supreme air force 1,https://www.allchinabuy.com/en/page/buy/?nTag=Home-search&from=search-input&_search=url&position=&url=https%3A%2F%2Fshop1812255049.v.weidian.com%2Fitem.html%3FitemID%3D7232236089%26spider_token%3D4572&&partnercode=Jimmys
,,,,,,
Jordans,,,,,,
,£43.78,€ 47.76,$55.72,¥398.00,Jordan 1 high (35 colours),https://www.allchinabuy.com/en/page/buy/?nTag=Home-search&from=search-input&_search=url&position=&url=https%3A%2F%2Fweidian.com%2Fitem.html%3FitemID%3D7227136161&partnercode=Jimmys
,£19.69,€ 21.48,$25.06,¥179.00,Jordan 3 (25 colours),https://www.allchinabuy.com/en/page/buy/?nTag=Home-search&from=search-input&_search=url&position=&url=https%3A%2F%2Fweidian.com%2Fitem.html%3FitemID%3D7238218194&partnercode=Jimmys
,£40.59,€ 44.28,$51.66,¥369.00,Jordan 4 (28 colours),https://www.allchinabuy.com/en/page/buy/?nTag=Home-search&from=search-input&_search=url&position=&url=https%3A%2F%2Fweidian.com%2Fitem.html%3FitemID%3D7228397627%26spider_token%3D63be&partnercode=Jimmys
,£40.48,€ 44.16,$51.52,¥368.00,Jordan 11 (25 colours),https://www.allchinabuy.com/en/page/buy/?nTag=Home-search&from=search-input&_search=url&position=&url=https%3A%2F%2Fweidian.com%2Fitem.html%3FitemID%3D7229041324%26spider_token%3D52e1&partnercode=Jimmys
,£43.78,€ 47.76,$55.72,¥398.00,Jordan 1 Dior high,https://www.allchinabuy.com/en/page/buy/?nTag=Home-search&from=search-input&_search=url&position=&url=https%3A%2F%2Fweidian.com%2Fitem.html%3FitemID%3D7227136161%26spider_token%3D99f0&partnercode=Jimmys
,£40.59,€ 44.28,$51.66,¥369.00,Jordan 5 (40 colours),https://www.allchinabuy.com/en/page/buy/?nTag=Home-search&from=search-input&_search=url&position=&url=https%3A%2F%2Fweidian.com%2Fitem.html%3FitemID%3D7232209457&partnercode=Jimmys
,£40.59,€ 44.28,$51.66,¥369.00,Jordan 4 black cat,https://www.allchinabuy.com/en/page/buy/?nTag=Home-search&from=search-input&_search=url&position=&url=https%3A%2F%2Fweidian.com%2Fitem.html%3FitemID%3D7226892770%26spider_token%3De7d3&partnercode=Jimmys
,£40.59,€ 44.28,$51.66,¥369.00,Jordan 4 union,https://www.allchinabuy.com/en/page/buy/?nTag=Home-search&from=search-input&_search=url&position=&url=https%3A%2F%2Fweidian.com%2Fitem.html%3FitemID%3D7226892770%26spider_token%3De7d3&partnercode=Jimmys
,£40.59,€ 44.28,$51.66,¥369.00,Jordan 4 off white,https://www.allchinabuy.com/en/page/buy/?nTag=Home-search&from=search-input&_search=url&position=&url=https%3A%2F%2Fweidian.com%2Fitem.html%3FitemID%3D7226892770%26spider_token%3De7d3&partnercode=Jimmys
,£31.90,€ 34.80,$40.60,¥290.00,Travis Scott Jordan 1 (5 styles),https://www.allchinabuy.com/en/page/buy/?nTag=Home-search&from=search-input&_search=url&position=&url=https%3A%2F%2Fweidian.com%2Fitem.html%3FitemID%3D7229358142%26spider_token%3D1009&partnercode=Jimmys
,£32.78,€ 35.76,$41.72,¥298.00,Jordan 1 low (25 styles),https://www.allchinabuy.com/en/page/buy/?nTag=Home-search&from=search-input&_search=url&position=&url=https%3A%2F%2Fweidian.com%2Fitem.html%3FitemID%3D7228043346%26spider_token%3D4502&partnercode=Jimmys
,£27.50,€ 30.00,$35.00,¥250.00,Jordan 1 high (38 colours),https://www.allchinabuy.com/en/page/buy/?url=https%3A%2F%2Fweidian.com%2Fitem.html%3FitemId%3D4428977916%26vc_cps_track%3D1459920903_0_0&nTag=Cart-product&partnercode=Jimmys
,£41.80,€ 45.60,$53.20,¥380.00,More Jordan 4 (37 colours),https://www.allchinabuy.com/en/page/buy/?nTag=Home-search&from=search-input&_search=url&position=&url=https%3A%2F%2Fweidian.com%2Fitem.html%3FitemID%3D7237618785%26spider_token%3D9ed2&partnercode=Jimmys
,£49.50,€ 54.00,$63.00,¥450.00,Jordan 5 off white (9 colours),https://www.allchinabuy.com/en/page/buy/?nTag=Home-search&from=search-input&_search=url&position=&url=https%3A%2F%2Fweidian.com%2Fitem.html%3FitemID%3D7237635249%26spider_token%3Db49c&partnercode=Jimmys
,,,,,,
Yeezys,,,,,,
,£17.05,€ 18.60,$21.70,¥155.00,Yeezy 350 v2 (30 colours),https://www.allchinabuy.com/en/page/buy/?nTag=Home-search&from=search-input&_search=url&position=&url=https%3A%2F%2Fweidian.com%2Fitem.html%3FitemID%3D7226484396%26spider_token%3D73bc&partnercode=Jimmys
,£10.89,€ 11.88,$13.86,¥99.00,Yeezy sliders (17 colours),https://www.allchinabuy.com/en/page/buy/?nTag=Home-search&from=search-input&_search=url&position=&url=https%3A%2F%2Fweidian.com%2Fitem.html%3FitemID%3D7234543985%26spider_token%3D0814&&partnercode=Jimmys
,£14.19,€ 15.48,$18.06,¥129.00,Yeezy slide (12 colours),https://www.allchinabuy.com/cn/page/buy/?nTag=Home-search&from=search-input&_search=url&position=&url=https%3A%2F%2Fweidian.com%2Fitem.html%3FitemID%3D7237877030%26spider_token%3Dce55&&partnercode=Jimmys
,,,,,,
Adidas,,,,,,
,£14.19,€ 15.48,$18.06,¥129.00,Adidas samba (12 colours),https://www.allchinabuy.com/en/page/buy/?nTag=Home-search&from=search-input&_search=url&position=&url=https%3A%2F%2Fweidian.com%2Fitem.html%3FitemID%3D7226264737%26wfr%3Dc&partnercode=Jimmys
,£20.35,€ 22.20,$25.90,¥185.00,Adidas campus (13 colours),https://www.allchinabuy.com/en/page/buy/?nTag=Home-search&from=search-input&_search=url&position=&url=https%3A%2F%2Fweidian.com%2Fitem.html%3FitemID%3D7231126976%26spider_token%3D9d74&partnercode=Jimmys
,£23.10,€ 25.20,$29.40,¥210.00,Adidas gazelle ,https://www.allchinabuy.com/cn/page/buy/?nTag=Home-search&from=search-input&_search=url&position=&url=https%3A%2F%2Fshop1737183540.v.weidian.com%2Fitem.html%3FitemID%3D7238836294&partnercode=Jimmys
,£20.90,€ 22.80,$26.60,¥190.00,Adidas spezial (18 colours),https://www.allchinabuy.com/en/page/buy/?nTag=Home-search&from=search-input&_search=url&position=&url=https%3A%2F%2Fweidian.com%2Fitem.html%3FitemID%3D7237970738&&partnercode=Jimmys
,£16.50,€ 18.00,$21.00,¥150.00,Kith adidas sambas (15 colours),https://www.allchinabuy.com/en/page/buy/?nTag=Home-search&from=search-input&_search=url&position=&url=https%3A%2F%2Fshop1628395132.v.weidian.com%2Fitem.html%3FitemId%3D6081753805%26vc_cps_track%3D1459920903_0_0%26vc_cps_track%3D1459920903_0_0&partnercode=Jimmys
,£28.38,€ 30.96,$36.12,¥258.00,Adidas korn campus (3 colours),https://www.allchinabuy.com/en/page/buy/?nTag=Home-search&from=search-input&_search=url&position=&url=https%3A%2F%2Fweidian.com%2Fitem.html%3FitemID%3D6741888593%26spider_token%3D4572&&partnercode=Jimmys
,,,,,,
Bapesta,,,,,,
,£36.30,€ 39.60,$46.20,¥330.00,Bapesta (23 colours) ,https://www.allchinabuy.com/en/page/buy/?nTag=Home-search&from=search-input&_search=url&position=&url=https%3A%2F%2Fweidian.com%2Fitem.html%3FitemID%3D7229522779%26spider_token%3Db85f&partnercode=Jimmys
,£36.30,€ 39.60,$46.20,¥330.00,Bapesta (23 colours),https://www.allchinabuy.com/en/page/buy/?nTag=Home-search&from=search-input&_search=url&position=&url=https%3A%2F%2Fweidian.com%2Fitem.html%3FitemID%3D7229522779%26spider_token%3Db85f&partnercode=Jimmys
,£29.48,€ 32.16,$37.52,¥268.00,Bapesta (12 colours),https://www.allchinabuy.com/cn/page/buy/?nTag=Home-search&from=search-input&_search=url&position=&url=https%3A%2F%2Fweidian.com%2Fitem.html%3FitemID%3D7231311962&partnercode=Jimmys
,,,,,,
Designer,,,,,,
,£53.90,€ 58.80,$68.60,¥490.00,Louis Vuitton trainers (30 colours),https://www.allchinabuy.com/en/page/buy/?nTag=Home-search&from=search-input&_search=url&position=&url=https%3A%2F%2Fweidian.com%2Fitem.html%3FitemID%3D7225389495%26spider_token%3D663e&partnercode=Jimmys
,£53.68,€ 58.56,$68.32,¥488.00,Balenciaga trainers (15 colours),https://www.allchinabuy.com/en/page/buy/?nTag=Home-search&from=search-input&_search=url&position=&url=https%3A%2F%2Fweidian.com%2Fitem.html%3FitemID%3D7228978810%26spider_token%3Dbb65&partnercode=Jimmys
,£53.68,€ 58.56,$68.32,¥488.00,Chanel trainers,https://www.allchinabuy.com/en/page/buy/?nTag=Home-search&from=search-input&_search=url&position=&url=https%3A%2F%2Fweidian.com%2Fitem.html%3FitemID%3D7229181832%26spider_token%3D4e99&partnercode=Jimmys
,£47.19,€ 51.48,$60.06,¥429.00,Louis Vuitton sliders (23 styles),https://www.allchinabuy.com/en/page/buy/?nTag=Home-search&from=search-input&_search=url&position=&url=https%3A%2F%2Fweidian.com%2Fitem.html%3FitemID%3D7236764825%26spider_token%3Df0c8&&partnercode=Jimmys
,£48.95,€ 53.40,$62.30,¥445.00,Dior converse ,https://www.allchinabuy.com/en/page/buy/?nTag=Home-search&from=search-input&_search=url&position=&url=https%3A%2F%2Fweidian.com%2Fitem.html%3FitemID%3D7229340472%26spider_token%3D8a7d&&partnercode=Jimmys
,£73.59,€ 80.28,$93.66,¥669.00,Amiri shoes (12 colours),https://www.allchinabuy.com/en/page/buy/?nTag=Home-search&from=search-input&_search=url&position=&url=https%3A%2F%2Fweidian.com%2Fitem.html%3FitemID%3D7230157635%26spider_token%3D8d08&&partnercode=Jimmys
,£43.89,€ 47.88,$55.86,¥399.00,Gucci shoes (15 colours),https://www.allchinabuy.com/cn/page/buy/?nTag=Home-search&from=search-input&_search=url&position=&url=https%3A%2F%2Fweidian.com%2Fitem.html%3FitemID%3D7227794455%26spider_token%3D6ac9&partnercode=Jimmys
,£58.19,€ 63.48,$74.06,¥529.00,Dior B22 trainers (13 colours),https://www.allchinabuy.com/en/page/buy/?nTag=Home-search&from=search-input&_search=url&position=&url=https%3A%2F%2Fweidian.com%2Fitem.html%3FitemID%3D7228690715%26spider_token%3D5625&&partnercode=Jimmys
,£58.19,€ 63.48,$74.06,¥529.00,Dior B22 trainers (13 colours),https://www.allchinabuy.com/en/page/buy/?nTag=Home-search&from=search-input&_search=url&position=&url=https%3A%2F%2Fweidian.com%2Fitem.html%3FitemID%3D7228690715%26spider_token%3D4656&&partnercode=Jimmys
,£17.49,€ 19.08,$22.26,¥159.00,Palm angels sliders (4 colours),https://www.allchinabuy.com/cn/page/buy/?nTag=Home-search&from=search-input&_search=url&position=&url=https%3A%2F%2Fweidian.com%2Fitem.html%3FitemID%3D7238092434&&partnercode=Jimmys
,£20.79,€ 22.68,$26.46,¥189.00,Valentino sliders (5 colours),https://www.allchinabuy.com/cn/page/buy/?nTag=Home-search&from=search-input&_search=url&position=&url=https%3A%2F%2Fweidian.com%2Fitem.html%3FitemID%3D7237213879%26spider_token%3D4af2&&partnercode=Jimmys
,£18.59,€ 20.28,$23.66,¥169.00,Givenchy sliders (20 styles),https://www.allchinabuy.com/cn/page/buy/?nTag=Home-search&from=search-input&_search=url&position=&url=https%3A%2F%2Fweidian.com%2Fitem.html%3FitemID%3D7237228527%26spider_token%3D914f&&partnercode=Jimmys
,£20.79,€ 22.68,$26.46,¥189.00,Gucci sliders (2 colours),https://www.allchinabuy.com/en/page/buy/?nTag=Home-search&from=search-input&_search=url&position=&url=https%3A%2F%2Fweidian.com%2Fitem.html%3FitemID%3D7232091117%26spider_token%3D5dd3&partnercode=Jimmys
,£51.04,€ 55.68,$64.96,¥464.00,Balenciaga trainers (18 colours),https://www.allchinabuy.com/en/page/buy/?nTag=Home-search&from=search-input&_search=url&position=&url=https%3A%2F%2Fweidian.com%2Fitem.html%3FitemID%3D7233435209%26wfr%3Dc&partnercode=Jimmys
,£47.08,€ 51.36,$59.92,¥428.00,Rick OWENS shoes,https://www.allchinabuy.com/en/page/buy/?nTag=Home-search&from=search-input&_search=url&position=&url=https%3A%2F%2Fdetail.tmall.com%2Fitem.htm%3Fid%3D588337578359&&partnercode=Jimmys
,£39.60,€ 43.20,$50.40,¥360.00,Golden goose shoes (6 styles),https://www.allchinabuy.com/en/page/buy/?nTag=Home-search&from=search-input&_search=url&position=&url=https%3A%2F%2Fweidian.com%2Fitem.html%3FitemID%3D7239300502%26spider_token%3D0ac9&partnercode=Jimmys
,£58.30,€ 63.60,$74.20,¥530.00,Offwhite trainers (27 colours),https://www.allchinabuy.com/en/page/buy/?nTag=Home-search&from=search-input&_search=url&position=&url=https%3A%2F%2Fweidian.com%2Fitem.html%3FitemID%3D7237671583%26spider_token%3Daaea&partnercode=Jimmys
,,,,,,
Other,,,,,,
,£18.26,€ 19.92,$23.24,¥166.00,Lightning McQueen crocs,https://www.allchinabuy.com/en/page/buy/?nTag=Home-search&from=search-input&_search=url&position=&url=https%3A%2F%2Fweidian.com%2Fitem.html%3FitemID%3D7229219012%26spider_token%3Dfcb8&partnercode=Jimmys
,£31.79,€ 34.68,$40.46,¥289.00,Birkenstock Boston (10 colours),https://www.allchinabuy.com/en/page/buy/?nTag=Home-search&from=search-input&_search=url&position=&url=https%3A%2F%2Fweidian.com%2Fitem.html%3FitemID%3D7231048761%26spider_token%3Ddaa5&partnercode=Jimmys
,£18.59,€ 20.28,$23.66,¥169.00,Crocs (6 colours),https://www.allchinabuy.com/cn/page/buy/?nTag=Home-search&from=search-input&_search=url&position=&url=https%3A%2F%2Fweidian.com%2Fitem.html%3FitemID%3D7238188304%26spider_token%3D3472&&partnercode=Jimmys
,£30.80,€ 33.60,$39.20,¥280.00,New balance 990 (30 styles),https://www.allchinabuy.com/en/page/buy/?nTag=Home-search&from=search-input&_search=url&position=&url=https%3A%2F%2Fweidian.com%2Fitem.html%3FitemID%3D6035996198%26spider_token%3D4572&&partnercode=Jimmys
,£39.60,€ 43.20,$50.40,¥360.00,New balance trainers (24 styles),https://www.allchinabuy.com/en/page/buy/?nTag=Home-search&from=search-input&_search=url&position=&url=https%3A%2F%2Fweidian.com%2Fitem.html%3FitemID%3D7237783637%26spider_token%3Dbf9e&partnercode=Jimmys
,£39.60,€ 43.20,$50.40,¥360.00,New balance trainers (24 styles),https://www.allchinabuy.com/en/page/buy/?nTag=Home-search&from=search-input&_search=url&position=&url=https%3A%2F%2Fweidian.com%2Fitem.html%3FitemID%3D7237783637%26spider_token%3Dbf9e&partnercode=Jimmys
,£39.60,€ 43.20,$50.40,¥360.00,New balance trainers (24 styles),https://www.allchinabuy.com/en/page/buy/?nTag=Home-search&from=search-input&_search=url&position=&url=https%3A%2F%2Fweidian.com%2Fitem.html%3FitemID%3D7237783637%26spider_token%3Dbf9e&partnercode=Jimmys
,£24.75,€ 27.00,$31.50,¥225.00,ASICS (8 styles),https://www.allchinabuy.com/en/page/buy/?url=https%3A%2F%2Fitem.taobao.com%2Fitem.htm%3Fid%3D743922176975&nTag=Cart-product&partnercode=Jimmys
,,,,,,
Tops,,,,,,
Hoodies,,,,,,
,£18.15,€ 19.80,$23.10,¥165.00,Broken planet hoodie,https://www.allchinabuy.com/en/page/buy/?nTag=Home-search&from=search-input&_search=url&position=&url=https%3A%2F%2Fweidian.com%2Fitem.html%3FitemID%3D7231847075&&partnercode=Jimmys
,£19.47,€ 21.24,$24.78,¥177.00,Broken planet hoodie,https://www.allchinabuy.com/en/page/buy/?nTag=Home-search&from=search-input&_search=url&position=&url=https%3A%2F%2Fweidian.com%2Fitem.html%3FitemID%3D7232798574&&partnercode=Jimmys
,£19.47,€ 21.24,$24.78,¥177.00,Broken planet hoodie,https://www.allchinabuy.com/en/page/buy/?nTag=Home-search&from=search-input&_search=url&position=&url=https%3A%2F%2Fweidian.com%2Fitem.html%3FitemID%3D7232774714&&partnercode=Jimmys
,£18.15,€ 19.80,$23.10,¥165.00,Broken planet hoodie,https://www.allchinabuy.com/en/page/buy/?nTag=Home-search&from=search-input&_search=url&position=&url=https%3A%2F%2Fweidian.com%2Fitem.html%3FitemID%3D7231790699&&partnercode=Jimmys
,£18.70,€ 20.40,$23.80,¥170.00,Broken planet hoodie,https://www.allchinabuy.com/en/page/buy/?nTag=Home-search&from=search-input&_search=url&position=&url=https%3A%2F%2Fweidian.com%2Fitem.html%3FitemID%3D7231889759&&partnercode=Jimmys
,£19.47,€ 21.24,$24.78,¥177.00,Broken planet hoodie,https://www.allchinabuy.com/en/page/buy/?nTag=Home-search&from=search-input&_search=url&position=&url=https%3A%2F%2Fweidian.com%2Fitem.html%3FitemID%3D7232788642&&partnercode=Jimmys
,£15.40,€ 16.80,$19.60,¥140.00,Broken planet hoodie,https://www.allchinabuy.com/en/page/buy/?nTag=Home-search&from=search-input&_search=url&position=&url=https%3A%2F%2Fweidian.com%2Fitem.html%3FitemID%3D7232765540&&partnercode=Jimmys
,£19.47,€ 21.24,$24.78,¥177.00,Broken planet hoodie,https://www.allchinabuy.com/en/page/buy/?nTag=Home-search&from=search-input&_search=url&position=&url=https%3A%2F%2Fweidian.com%2Fitem.html%3FitemID%3D7232828430&&partnercode=Jimmys
,£21.34,€ 23.28,$27.16,¥194.00,Broken planet zip up,https://www.allchinabuy.com/en/page/buy/?nTag=Home-search&from=search-input&_search=url&position=&url=https%3A%2F%2Fweidian.com%2Fitem.html%3FitemID%3D7231775167&&partnercode=Jimmys
,£16.39,€ 17.88,$20.86,¥149.00,FTP hoodie,https://www.allchinabuy.com/en/page/buy/?nTag=Home-search&from=search-input&_search=url&position=&url=https%3A%2F%2Fdetail.tmall.com%2Fitem.htm%3Fid%3D775332965101&&partnercode=Jimmys
,£16.28,€ 17.76,$20.72,¥148.00,Revenge hoodie (60 styles),https://www.allchinabuy.com/en/page/buy/?nTag=Home-search&from=search-input&_search=url&position=&url=https%3A%2F%2Fdetail.tmall.com%2Fitem.htm%3Fid%3D653778439915&&partnercode=Jimmys
,£20.68,€ 22.56,$26.32,¥188.00,Sicko hoodie (2 colours),https://www.allchinabuy.com/en/page/buy/?nTag=Home-search&from=search-input&_search=url&position=&url=https%3A%2F%2Fdetail.tmall.com%2Fitem.htm%3Fid%3D637639000236&&partnercode=Jimmys
,£10.78,€ 11.76,$13.72,¥98.00,Essentials hoodie (5 colours),https://www.allchinabuy.com/en/page/buy/?nTag=Home-search&from=search-input&_search=url&position=&url=https%3A%2F%2Fdetail.1688.com%2Foffer%2F669601614805.html&&partnercode=Jimmys
,£21.89,€ 23.88,$27.86,¥199.00,ALD hoodie (2 colours),https://www.allchinabuy.com/en/page/buy/?nTag=Home-search&from=search-input&_search=url&position=&url=https%3A%2F%2Fdetail.tmall.com%2Fitem.htm%3Fid%3D661195309016&&partnercode=Jimmys
,£41.69,€ 45.48,$53.06,¥379.00,Balenciaga hoodie,https://www.allchinabuy.com/en/page/buy/?nTag=Home-search&from=search-input&_search=url&position=&url=https%3A%2F%2Fweidian.com%2Fitem.html%3FitemID%3D5578667618%26spider_token%3D4572&&partnercode=Jimmys
,£7.70,€ 8.40,$9.80,¥70.00,I never liked you Donda hoodie,https://www.allchinabuy.com/en/page/buy/?nTag=Home-search&from=search-input&_search=url&position=&url=https%3A%2F%2Fdetail.tmall.com%2Fitem.htm%3Fid%3D679327711203&&partnercode=Jimmys
,£54.89,€ 59.88,$69.86,¥499.00,Yeezy hoodie,https://www.allchinabuy.com/en/page/buy/?nTag=Home-search&from=search-input&_search=url&position=&url=https%3A%2F%2Fdetail.tmall.com%2Fitem.htm%3Fid%3D683748985499&&partnercode=Jimmys
,£9.35,€ 10.20,$11.90,¥85.00,Travis Scott hoodie,https://www.allchinabuy.com/en/page/buy/?nTag=Home-search&from=search-input&_search=url&position=&url=https%3A%2F%2Fdetail.tmall.com%2Fitem.htm%3Fid%3D660384229708&&partnercode=Jimmys
,£32.89,€ 35.88,$41.86,¥299.00,Supreme box logo hoodie (3 colours),https://www.allchinabuy.com/en/page/buy/?nTag=Home-search&from=search-input&_search=url&position=&url=https%3A%2F%2Fdetail.tmall.com%2Fitem.htm%3Fid%3D612373352172&&partnercode=Jimmys
,£30.14,€ 32.88,$38.36,¥274.00,Thugs club hoodie,https://www.allchinabuy.com/en/page/buy/?nTag=Home-search&from=search-input&_search=url&position=&url=https%3A%2F%2Fdetail.tmall.com%2Fitem.htm%3Fid%3D745115266721&&partnercode=Jimmys
,£16.28,€ 17.76,$20.72,¥148.00,Nike tech fleece (20 colours),https://www.allchinabuy.com/en/page/buy/?nTag=Home-search&from=search-input&_search=url&position=&url=https%3A%2F%2Fweidian.com%2Fitem.html%3FitemID%3D7234501323%26spider_token%3Dad9c&&partnercode=Jimmys
,£14.19,€ 15.48,$18.06,¥129.00,Drew hoodie (7 colours),https://www.allchinabuy.com/en/page/buy/?nTag=Home-search&from=search-input&_search=url&position=&url=https%3A%2F%2Fweidian.com%2Fitem.html%3FitemID%3D7234542507%26spider_token%3D59e3&&partnercode=Jimmys
,£13.09,€ 14.28,$16.66,¥119.00,Patagonia hoodie (11 styles),https://www.allchinabuy.com/en/page/buy/?nTag=Home-search&from=search-input&_search=url&position=&url=https%3A%2F%2Fweidian.com%2Fitem.html%3FitemID%3D7237205641%26spider_token%3D6c94&&partnercode=Jimmys
,£15.29,€ 16.68,$19.46,¥139.00,Trapster hoodie (10 styles),https://www.allchinabuy.com/en/page/buy/?nTag=Home-search&from=search-input&_search=url&position=&url=https%3A%2F%2Fweidian.com%2Fitem.html%3FitemID%3D7235473256%26spider_token%3D7f9c&&partnercode=Jimmys
,£15.18,€ 16.56,$19.32,¥138.00,Ralph Lauren zip up hoodie (8 colours),https://www.allchinabuy.com/en/page/buy/?nTag=Home-search&from=search-input&_search=url&position=&url=https%3A%2F%2Fitem.taobao.com%2Fitem.htm%3Fid%3D742621696500&partnercode=Jimmys
,£19.58,€ 21.36,$24.92,¥178.00,Chrome hearts hoodie (27 styles),https://www.allchinabuy.com/en/page/buy/?nTag=Home-search&from=search-input&_search=url&position=&url=https%3A%2F%2Fitem.taobao.com%2Fitem.htm%3Fid%3D679084695024&&partnercode=Jimmys
,£14.08,€ 15.36,$17.92,¥128.00,Stussy hoodie (75 styles),https://www.allchinabuy.com/en/page/buy/?nTag=Home-search&from=search-input&_search=url&position=&url=https%3A%2F%2Fitem.taobao.com%2Fitem.htm%3Fid%3D580236563910&&partnercode=Jimmys
,£33.88,€ 36.96,$43.12,¥308.00,Supreme Burberry box logo (3 colours),https://www.allchinabuy.com/en/page/buy/?nTag=Home-search&from=search-input&_search=url&position=&url=https%3A%2F%2Fweidian.com%2Fitem.html%3FitemID%3D6544212974&&partnercode=Jimmys
,£3.85,€ 4.20,$4.90,¥35.00,Corteiz hoodie (23 styles),https://www.allchinabuy.com/en/page/buy/?nTag=Home-search&from=search-input&_search=url&position=&url=https%3A%2F%2Fitem.taobao.com%2Fitem.htm%3Fid%3D704836382820&&partnercode=Jimmys
,,,,,,
Jumpers,,,,,,
,£19.47,€ 21.24,$24.78,¥177.00,Broken planet sweater,https://www.allchinabuy.com/en/page/buy/?nTag=Home-search&from=search-input&_search=url&position=&url=https%3A%2F%2Fweidian.com%2Fitem.html%3FitemID%3D7232729504&&partnercode=Jimmys
,£21.89,€ 23.88,$27.86,¥199.00,Gallery dept jumper,https://www.allchinabuy.com/en/page/buy/?nTag=Home-search&from=search-input&_search=url&position=&url=https%3A%2F%2Fdetail.tmall.com%2Fitem.htm%3Fid%3D683938075136&&partnercode=Jimmys
,£32.89,€ 35.88,$41.86,¥299.00,Acne studios jumper (3 colours),https://www.allchinabuy.com/en/page/buy/?nTag=Home-search&from=search-input&_search=url&position=&url=https%3A%2F%2Fdetail.tmall.com%2Fitem.htm%3Fid%3D715282482913&&partnercode=Jimmys
,£16.50,€ 18.00,$21.00,¥150.00,Ralph Lauren quarter zip (25 colours),https://www.allchinabuy.com/en/page/buy/?nTag=Home-search&from=search-input&_search=url&position=&url=https%3A%2F%2Fdetail.tmall.com%2Fitem.htm%3Fid%3D576627998006&&partnercode=Jimmys
,£13.09,€ 14.28,$16.66,¥119.00,Patagonia long sleeve (15 colours),https://www.allchinabuy.com/en/page/buy/?nTag=Home-search&from=search-input&_search=url&position=&url=https%3A%2F%2Fweidian.com%2Fitem.html%3FitemID%3D7237205641%26spider_token%3D6c94&&partnercode=Jimmys
,£13.09,€ 14.28,$16.66,¥119.00,Essentials jumper (15 styles),
,£16.50,€ 18.00,$21.00,¥150.00,Corteiz pull over (2 colours),https://www.allchinabuy.com/en/page/buy/?nTag=Home-search&from=search-input&_search=url&position=&url=https%3A%2F%2Fdetail.1688.com%2Foffer%2F765780226206.html%3F_t%3D1716754657494%26spm%3Da2615.7691456.co_1_0_tradenumdown_0_0_0_0_0_0_0000_0.0&partnercode=Jimmys
,,,,,,
T-shirts,,,,,,
,£7.15,€ 7.80,$9.10,¥65.00,Cdg tshirt (15 colours),https://www.allchinabuy.com/en/page/buy/?nTag=Home-search&from=search-input&_search=url&position=&url=https%3A%2F%2Fweidian.com%2Fitem.html%3FitemID%3D7235247151%26spider_token%3Dc143&partnercode=Jimmys
,£8.69,€ 9.48,$11.06,¥79.00,FTP t-shirt (2 colours),https://www.allchinabuy.com/en/page/buy/?nTag=Home-search&from=search-input&_search=url&position=&url=https%3A%2F%2Fdetail.tmall.com%2Fitem.htm%3Fid%3D775284752314&&partnercode=Jimmys
,£7.26,€ 7.92,$9.24,¥66.00,Revenge T-shirts (120 styles),https://www.allchinabuy.com/en/page/buy/?nTag=Home-search&from=search-input&_search=url&position=&url=https%3A%2F%2Fdetail.tmall.com%2Fitem.htm%3Fid%3D638679698108&&partnercode=Jimmys
,£6.93,€ 7.56,$8.82,¥63.00,Revenge tshirt (3 colours),https://www.allchinabuy.com/en/page/buy/?nTag=Home-search&from=search-input&_search=url&position=&url=https%3A%2F%2Fdetail.tmall.com%2Fitem.htm%3Fid%3D672374410646&&partnercode=Jimmys
,£7.59,€ 8.28,$9.66,¥69.00,FTP T-shirt (2 colours),https://www.allchinabuy.com/en/page/buy/?nTag=Home-search&from=search-input&_search=url&position=&url=https%3A%2F%2Fdetail.tmall.com%2Fitem.htm%3Fid%3D775291883333&&partnercode=Jimmys
,£10.89,€ 11.88,$13.86,¥99.00,Sicko T-shirt (2 colours),https://www.allchinabuy.com/en/page/buy/?nTag=Home-search&from=search-input&_search=url&position=&url=https%3A%2F%2Fdetail.tmall.com%2Fitem.htm%3Fid%3D643530071024&&partnercode=Jimmys
,£24.20,€ 26.40,$30.80,¥220.00,House of errors tshirt ,https://www.allchinabuy.com/en/page/buy/?nTag=Home-search&from=search-input&_search=url&position=&url=https%3A%2F%2Fdetail.tmall.com%2Fitem.htm%3Fid%3D714300330099&&partnercode=Jimmys
,£9.68,€ 10.56,$12.32,¥88.00,Rick OWENS Stussy T-shirt ,https://www.allchinabuy.com/en/page/buy/?nTag=Home-search&from=search-input&_search=url&position=&url=https%3A%2F%2Fdetail.tmall.com%2Fitem.htm%3Fid%3D647326458771&&partnercode=Jimmys
,£4.29,€ 4.68,$5.46,¥39.00,Vlone T-shirt (2 colours),https://www.allchinabuy.com/en/page/buy/?nTag=Home-search&from=search-input&_search=url&position=&url=https%3A%2F%2Fdetail.tmall.com%2Fitem.htm%3Fid%3D649973306287&&partnercode=Jimmys
,£15.95,€ 17.40,$20.30,¥145.00,Acne studios tshirt (2 colours),https://www.allchinabuy.com/en/page/buy/?nTag=Home-search&from=search-input&_search=url&position=&url=https%3A%2F%2Fdetail.tmall.com%2Fitem.htm%3Fid%3D707762683583&&partnercode=Jimmys
,£5.72,€ 6.24,$7.28,¥52.00,Essentials tshirt (2 colours),https://www.allchinabuy.com/en/page/buy/?nTag=Home-search&from=search-input&_search=url&position=&url=https%3A%2F%2Fdetail.1688.com%2Foffer%2F641982670353.html&&partnercode=Jimmys
,£7.70,€ 8.40,$9.80,¥70.00,Gallery dept T-shirts (35 styles),https://www.allchinabuy.com/en/page/buy/?nTag=Home-search&from=search-input&_search=url&position=&url=https%3A%2F%2Fdetail.1688.com%2Foffer%2F707819726531.html&&partnercode=Jimmys
,£7.15,€ 7.80,$9.10,¥65.00,Gallaery dept T-shirts (23 styles),https://www.allchinabuy.com/en/page/buy/?nTag=Home-search&from=search-input&_search=url&position=&url=https%3A%2F%2Fdetail.1688.com%2Foffer%2F702081458726.html&&partnercode=Jimmys
,£10.45,€ 11.40,$13.30,¥95.00,Travis Scott tshirt (50 colours),https://www.allchinabuy.com/en/page/buy/?nTag=Home-search&from=search-input&_search=url&position=&url=https%3A%2F%2Fdetail.tmall.com%2Fitem.htm%3Fid%3D643304122409&&partnercode=Jimmys
,£9.90,€ 10.80,$12.60,¥90.00,Represent vest (2 colours),https://www.allchinabuy.com/en/page/buy/?nTag=Home-search&from=search-input&_search=url&position=&url=https%3A%2F%2Fdetail.tmall.com%2Fitem.htm%3Fid%3D674879446005&&partnercode=Jimmys
,£9.35,€ 10.20,$11.90,¥85.00,College dropout tshirt (40 colours),https://www.allchinabuy.com/en/page/buy/?nTag=Home-search&from=search-input&_search=url&position=&url=https%3A%2F%2Fdetail.tmall.com%2Fitem.htm%3Fid%3D707221677633&&partnercode=Jimmys
,£8.25,€ 9.00,$10.50,¥75.00,Travis Scott tshirt (2 colours),https://www.allchinabuy.com/en/page/buy/?nTag=Home-search&from=search-input&_search=url&position=&url=https%3A%2F%2Fdetail.tmall.com%2Fitem.htm%3Fid%3D638821216060&&partnercode=Jimmys
,£10.23,€ 11.16,$13.02,¥93.00,Nirvana T-shirt (10 colours),https://www.allchinabuy.com/en/page/buy/?nTag=Home-search&from=search-input&_search=url&position=&url=https%3A%2F%2Fdetail.tmall.com%2Fitem.htm%3Fid%3D666087702317&&partnercode=Jimmys
,£9.68,€ 10.56,$12.32,¥88.00,Saint tshirt (38 colours),https://www.allchinabuy.com/en/page/buy/?nTag=Home-search&from=search-input&_search=url&position=&url=https%3A%2F%2Fdetail.tmall.com%2Fitem.htm%3Fid%3D670953346571&&partnercode=Jimmys
,£8.58,€ 9.36,$10.92,¥78.00,Bear tshirt (2 colours),https://www.allchinabuy.com/en/page/buy/?nTag=Home-search&from=search-input&_search=url&position=&url=https%3A%2F%2Fdetail.tmall.com%2Fitem.htm%3Fid%3D669654680315&&partnercode=Jimmys
,£8.69,€ 9.48,$11.06,¥79.00,Rhude tshirt ,https://www.allchinabuy.com/en/page/buy/?nTag=Home-search&from=search-input&_search=url&position=&url=https%3A%2F%2Fdetail.tmall.com%2Fitem.htm%3Fid%3D634177817866&&partnercode=Jimmys
,£9.35,€ 10.20,$11.90,¥85.00,ASK tshirt,https://www.allchinabuy.com/en/page/buy/?nTag=Home-search&from=search-input&_search=url&position=&url=https%3A%2F%2Fdetail.tmall.com%2Fitem.htm%3Fid%3D674300925226&&partnercode=Jimmys
,£10.45,€ 11.40,$13.30,¥95.00,INS tshirt,https://www.allchinabuy.com/en/page/buy/?nTag=Home-search&from=search-input&_search=url&position=&url=https%3A%2F%2Fdetail.tmall.com%2Fitem.htm%3Fid%3D712971390759&&partnercode=Jimmys
,£14.30,€ 15.60,$18.20,¥130.00,Acne studios tshirt (5 colours),https://www.allchinabuy.com/en/page/buy/?nTag=Home-search&from=search-input&_search=url&position=&url=https%3A%2F%2Fdetail.tmall.com%2Fitem.htm%3Fid%3D704310619724&&partnercode=Jimmys
,£25.19,€ 27.48,$32.06,¥229.00,Adidas Balenciaga tshirt (2 colours),https://www.allchinabuy.com/en/page/buy/?nTag=Home-search&from=search-input&_search=url&position=&url=https%3A%2F%2Fweidian.com%2Fitem.html%3FitemID%3D6046926206%26spider_token%3D4572&&partnercode=Jimmys
,£4.29,€ 4.68,$5.46,¥39.00,LA T-shirt (8 colours),https://www.allchinabuy.com/en/page/buy/?nTag=Home-search&from=search-input&_search=url&position=&url=https%3A%2F%2Fdetail.tmall.com%2Fitem.htm%3Fid%3D707528753593&&partnercode=Jimmys
,£6.05,€ 6.60,$7.70,¥55.00,Ralph Lauren tshirt (16 colours),https://www.allchinabuy.com/en/page/buy/?nTag=Home-search&from=search-input&_search=url&position=&url=https%3A%2F%2Fdetail.tmall.com%2Fitem.htm%3Fid%3D676262192057&&partnercode=Jimmys
,£4.29,€ 4.68,$5.46,¥39.00,Anime T-shirt (23 styles),https://www.allchinabuy.com/en/page/buy/?nTag=Home-search&from=search-input&_search=url&position=&url=https%3A%2F%2Fdetail.tmall.com%2Fitem.htm%3Fid%3D745042177856&&partnercode=Jimmys
,£7.48,€ 8.16,$9.52,¥68.00,Vintage T-shirts (20 styles),https://www.allchinabuy.com/en/page/buy/?nTag=Home-search&from=search-input&_search=url&position=&url=https%3A%2F%2Fdetail.tmall.com%2Fitem.htm%3Fid%3D699698744900&&partnercode=Jimmys
,£8.25,€ 9.00,$10.50,¥75.00,Graphic T-shirts (22 styles),https://www.allchinabuy.com/en/page/buy/?nTag=Home-search&from=search-input&_search=url&position=&url=https%3A%2F%2Fdetail.tmall.com%2Fitem.htm%3Fid%3D722827981728&&partnercode=Jimmys
,£10.89,€ 11.88,$13.86,¥99.00,Sicko T-shirt ,https://www.allchinabuy.com/en/page/buy/?nTag=Home-search&from=search-input&_search=url&position=&url=https%3A%2F%2Fdetail.tmall.com%2Fitem.htm%3Fid%3D642459836674&&partnercode=Jimmys
,£13.20,€ 14.40,$16.80,¥120.00,Trapster football shirt,https://www.allchinabuy.com/en/page/buy/?nTag=Home-search&from=search-input&_search=url&position=&url=https%3A%2F%2Fweidian.com%2Fitem.html%3FitemID%3D7235106790&&partnercode=Jimmys
,£13.20,€ 14.40,$16.80,¥120.00,Trapster football shirt,https://www.allchinabuy.com/en/page/buy/?nTag=Home-search&from=search-input&_search=url&position=&url=https%3A%2F%2Fweidian.com%2Fitem.html%3FitemID%3D7234217971&&partnercode=Jimmys
,£13.20,€ 14.40,$16.80,¥120.00,Trapster football shirt,https://www.allchinabuy.com/en/page/buy/?nTag=Home-search&from=search-input&_search=url&position=&url=https%3A%2F%2Fweidian.com%2Fitem.html%3FitemID%3D7234134651&&partnercode=Jimmys
,£13.09,€ 14.28,$16.66,¥119.00,Corteiz football shirt,https://www.allchinabuy.com/en/page/buy/?nTag=Home-search&from=search-input&_search=url&position=&url=https%3A%2F%2Fweidian.com%2Fitem.html%3FitemID%3D7235102856&&partnercode=Jimmys
,£12.65,€ 13.80,$16.10,¥115.00,Corteiz football shirt,https://www.allchinabuy.com/en/page/buy/?nTag=Home-search&from=search-input&_search=url&position=&url=https%3A%2F%2Fweidian.com%2Fitem.html%3FitemID%3D7235471819&&partnercode=Jimmys
,£17.49,€ 19.08,$22.26,¥159.00,Corteiz football shirt,https://www.allchinabuy.com/en/page/buy/?nTag=Home-search&from=search-input&_search=url&position=&url=https%3A%2F%2Fweidian.com%2Fitem.html%3FitemID%3D7235190194&&partnercode=Jimmys
,£11.00,€ 12.00,$14.00,¥100.00,Hell star tshirt (45 styles),https://www.allchinabuy.com/en/page/buy/?nTag=Home-search&from=search-input&_search=url&position=&url=https%3A%2F%2Fdetail.tmall.com%2Fitem.htm%3Fid%3D701751211036&&partnercode=Jimmys
,£10.89,€ 11.88,$13.86,¥99.00,Gallery dept T-shirt (5 styles),https://www.allchinabuy.com/cn/page/buy/?nTag=Home-search&from=search-input&_search=url&position=&url=https%3A%2F%2Fweidian.com%2Fitem.html%3FitemID%3D7235583962%26spider_token%3D3336&&partnercode=Jimmys
,£15.18,€ 16.56,$19.32,¥138.00,Supreme tshirt (35 styles),https://www.allchinabuy.com/en/page/buy/?nTag=Home-search&from=search-input&_search=url&position=&url=https%3A%2F%2Fweidian.com%2Fitem.html%3FitemID%3D7231500466%26spider_token%3D3db0&partnercode=Jimmys
,£10.89,€ 11.88,$13.86,¥99.00,Amiri T-shirt (37 styles),https://www.allchinabuy.com/en/page/buy/?nTag=Home-search&from=search-input&_search=url&position=&url=https%3A%2F%2Fweidian.com%2Fitem.html%3FitemID%3D7234618033%26spider_token%3Dfe05&&partnercode=Jimmys
,£15.29,€ 16.68,$19.46,¥139.00,Stussy T-shirt (31 styles),https://www.allchinabuy.com/en/page/buy/?nTag=Home-search&from=search-input&_search=url&position=&url=https%3A%2F%2Fweidian.com%2Fitem.html%3FitemID%3D7229620519%26spider_token%3D5ab5&partnercode=Jimmys
,£9.79,€ 10.68,$12.46,¥89.00,Offwhite tshirt (36 styles) ,https://www.allchinabuy.com/en/page/buy/?nTag=Home-search&from=search-input&_search=url&position=&url=https%3A%2F%2Fweidian.com%2Fitem.html%3FitemID%3D7234577753%26spider_token%3D3233&partnercode=Jimmys
,£14.19,€ 15.48,$18.06,¥129.00,Ami tshirt (34 colours),https://www.allchinabuy.com/en/page/buy/?nTag=Home-search&from=search-input&_search=url&position=&url=https%3A%2F%2Fweidian.com%2Fitem.html%3FitemID%3D7229636475%26spider_token%3Dbb2c&partnercode=Jimmys
,£9.79,€ 10.68,$12.46,¥89.00,Essentials tshirt (18 colours),https://www.allchinabuy.com/en/page/buy/?nTag=Home-search&from=search-input&_search=url&position=&url=https%3A%2F%2Fweidian.com%2Fitem.html%3FitemID%3D7235550196%26spider_token%3D0c1a&&partnercode=Jimmys
,£10.89,€ 11.88,$13.86,¥99.00,Trapster football shirt (6 styles),https://www.allchinabuy.com/en/page/buy/?nTag=Home-search&from=search-input&_search=url&position=&url=https%3A%2F%2Fweidian.com%2Fitem.html%3FitemID%3D7236889113%26spider_token%3Da109&&partnercode=Jimmys
,£10.89,€ 11.88,$13.86,¥99.00,Sp5der T-shirt (35 styles),https://www.allchinabuy.com/en/page/buy/?nTag=Home-search&from=search-input&_search=url&position=&url=https%3A%2F%2Fweidian.com%2Fitem.html%3FitemID%3D7235508466%26spider_token%3D0958&&partnercode=Jimmys
,£13.09,€ 14.28,$16.66,¥119.00,Nike Jordan tshirt,https://www.allchinabuy.com/en/page/buy/?nTag=Home-search&from=search-input&_search=url&position=&url=https%3A%2F%2Fweidian.com%2Fitem.html%3FitemID%3D7237025239%26spider_token%3D9210&&partnercode=Jimmys
,£17.38,€ 18.96,$22.12,¥158.00,Nike tshirt (31 styles),https://www.allchinabuy.com/en/page/buy/?nTag=Home-search&from=search-input&_search=url&position=&url=https%3A%2F%2Fweidian.com%2Fitem.html%3FitemID%3D7230699802%26spider_token%3D22a3&partnercode=Jimmys
,£20.68,€ 22.56,$26.32,¥188.00,Alexander McQueen tshirt (34 styles),https://www.allchinabuy.com/en/page/buy/?nTag=Home-search&from=search-input&_search=url&position=&url=https%3A%2F%2Fweidian.com%2Fitem.html%3FitemID%3D7231248283%26spider_token%3D7103&partnercode=Jimmys
,£17.38,€ 18.96,$22.12,¥158.00,Louis Vuitton T-shirt (10 styles) ,https://www.allchinabuy.com/en/page/buy/?nTag=Home-search&from=search-input&_search=url&position=&url=https%3A%2F%2Fweidian.com%2Fitem.html%3FitemID%3D7231242383&partnercode=Jimmys
,£5.72,€ 6.24,$7.28,¥52.00,Bape T-shirt (94 styles),https://www.allchinabuy.com/en/page/buy/?url=https%3A%2F%2Fitem.taobao.com%2Fitem.htm%3Fid%3D705966051817%26ali_trackid%3D2%3Amm_117358474_33384934_118778578&&partnercode=Jimmys
,£9.13,€ 9.96,$11.62,¥83.00,Broken planet tshirt ,https://www.allchinabuy.com/en/page/buy/?url=https%3A%2F%2Fweidian.com%2Fitem.html%3FitemId%3D7232737194%26vc_cps_track%3D1459920903_0_0%26vc_cps_track%3D1459920903_0_0&&partnercode=Jimmys
,£5.39,€ 5.88,$6.86,¥49.00,Palace car tshirt (3 colours),https://www.allchinabuy.com/en/page/buy/?nTag=Home-search&from=search-input&_search=url&position=&url=https%3A%2F%2Fitem.taobao.com%2Fitem.htm%3Fid%3D590225259695&&partnercode=Jimmys
,£6.38,€ 6.96,$8.12,¥58.00,Palace tshirt (20 styles),https://www.allchinabuy.com/en/page/buy/?nTag=Home-search&from=search-input&_search=url&position=&url=https%3A%2F%2Fitem.taobao.com%2Fitem.htm%3Fid%3D679440042026&&partnercode=Jimmys
,£4.62,€ 5.04,$5.88,¥42.00,Vlone T-shirt (101 styles),https://www.allchinabuy.com/en/page/buy/?nTag=Home-search&from=search-input&_search=url&position=&url=https%3A%2F%2Fitem.taobao.com%2Fitem.htm%3Fid%3D746168218060&&partnercode=Jimmys
,£4.95,€ 5.40,$6.30,¥45.00,Corteiz T-shirts (81 styles),https://www.allchinabuy.com/en/page/buy/?nTag=Home-search&from=search-input&_search=url&position=&url=https%3A%2F%2Fdetail.1688.com%2Foffer%2F733516577353.html%3F_t%3D1716754768455%26spm%3Da2615.7691456.co_1_0_tradenumdown_0_0_0_0_0_0_0000_0.0&partnercode=Jimmys
,£8.58,€ 9.36,$10.92,¥78.00,Corteiz football shirt (3 colours),https://www.allchinabuy.com/en/page/buy/?nTag=Home-search&from=search-input&_search=url&position=&url=https%3A%2F%2Fdetail.1688.com%2Foffer%2F765782063440.html%3F_t%3D1716754846030%26spm%3Da2615.7691456.co_1_0_tradenumdown_0_0_0_0_0_0_0000_0.0&partnercode=Jimmys
,,,,,,
Polo shirts,,,,,,
,£17.49,€ 19.08,$22.26,¥159.00,Ralph Lauren polo shirt (21 styles),https://www.allchinabuy.com/en/page/buy/?nTag=Home-search&from=search-input&_search=url&position=&url=https%3A%2F%2Fweidian.com%2Fitem.html%3FitemID%3D7230786800%26spider_token%3D4e07&partnercode=Jimmys
,£21.45,€ 23.40,$27.30,¥195.00,Moncler polo shirt (5 colours),https://www.allchinabuy.com/en/page/buy/?nTag=Home-search&from=search-input&_search=url&position=&url=https%3A%2F%2Fweidian.com%2Fitem.html%3FitemID%3D7237612906%26spider_token%3Daed7&&partnercode=Jimmys
,,,,,,
Shirts,,,,,,
,£21.78,€ 23.76,$27.72,¥198.00,Long sleeve shirt (2 colours),https://www.allchinabuy.com/en/page/buy/?nTag=Home-search&from=search-input&_search=url&position=&url=https%3A%2F%2Fdetail.tmall.com%2Fitem.htm%3Fid%3D655602204022&&partnercode=Jimmys
,£9.35,€ 10.20,$11.90,¥85.00,Prada shirt,https://www.allchinabuy.com/en/page/buy/?nTag=Home-search&from=search-input&_search=url&position=&url=https%3A%2F%2Fdetail.1688.com%2Foffer%2F673777806433.html&&partnercode=Jimmys
,£20.68,€ 22.56,$26.32,¥188.00,Hawaiian shirt (6 colours),https://www.allchinabuy.com/en/page/buy/?nTag=Home-search&from=search-input&_search=url&position=&url=https%3A%2F%2Fdetail.tmall.com%2Fitem.htm%3Fid%3D714004738797&&partnercode=Jimmys
,£34.10,€ 37.20,$43.40,¥310.00,Casablanca shirt (36 styles),https://www.allchinabuy.com/en/page/buy/?nTag=Home-search&from=search-input&_search=url&position=&url=https%3A%2F%2Fweidian.com%2Fitem.html%3FitemID%3D6409786411%26spider_token%3D4572&&partnercode=Jimmys
,£34.10,€ 37.20,$43.40,¥310.00,Casablanca shirt (36 styles),https://www.allchinabuy.com/en/page/buy/?nTag=Home-search&from=search-input&_search=url&position=&url=https%3A%2F%2Fweidian.com%2Fitem.html%3FitemID%3D6344967397%26spider_token%3D4572&&partnercode=Jimmys
,£20.68,€ 22.56,$26.32,¥188.00,Louis Vuitton shirt (7 colours),https://www.allchinabuy.com/en/page/buy/?nTag=Home-search&from=search-input&_search=url&position=&url=https%3A%2F%2Fweidian.com%2Fitem.html%3FitemID%3D7233185700&partnercode=Jimmys
,£6.05,€ 6.60,$7.70,¥55.00,Represent shirt (3 colours),https://www.allchinabuy.com/en/page/buy/?nTag=Home-search&from=search-input&_search=url&position=&url=https%3A%2F%2Fdetail.1688.com%2Foffer%2F709579445259.html%3F_t%3D1716754581964%26spm%3Da2615.7691456.co_1_0_tradenumdown_0_0_0_0_0_0_0000_0.0&partnercode=Jimmys
,,,,,,
Bottoms,,,,,,
Baggy trousers,,,,,,
,£10.89,€ 11.88,$13.86,¥99.00,Vintage baggy jeans,https://www.allchinabuy.com/en/page/buy/?nTag=Home-search&from=search-input&_search=url&position=&url=https%3A%2F%2Fdetail.tmall.com%2Fitem.htm%3Fid%3D745894547986&&partnercode=Jimmys
,£9.79,€ 10.68,$12.46,¥89.00,Baggy jeans (2 colours),https://www.allchinabuy.com/en/page/buy/?nTag=Home-search&from=search-input&_search=url&position=&url=https%3A%2F%2Fdetail.tmall.com%2Fitem.htm%3Fid%3D677074202278&&partnercode=Jimmys
,£14.85,€ 16.20,$18.90,¥135.00,Double knee pants,https://www.allchinabuy.com/en/page/buy/?nTag=Home-search&from=search-input&_search=url&position=&url=https%3A%2F%2Fdetail.tmall.com%2Fitem.htm%3Fid%3D669644423761&&partnercode=Jimmys
,£14.85,€ 16.20,$18.90,¥135.00,Double knee pants,https://www.allchinabuy.com/en/page/buy/?nTag=Home-search&from=search-input&_search=url&position=&url=https%3A%2F%2Fdetail.tmall.com%2Fitem.htm%3Fid%3D707957488958&&partnercode=Jimmys
,£14.85,€ 16.20,$18.90,¥135.00,Double knee pants,https://www.allchinabuy.com/en/page/buy/?nTag=Home-search&from=search-input&_search=url&position=&url=https%3A%2F%2Fdetail.tmall.com%2Fitem.htm%3Fid%3D716644608596&&partnercode=Jimmys
,£14.85,€ 16.20,$18.90,¥135.00,Double knee pants,https://www.allchinabuy.com/en/page/buy/?nTag=Home-search&from=search-input&_search=url&position=&url=https%3A%2F%2Fdetail.tmall.com%2Fitem.htm%3Fid%3D686760043502&&partnercode=Jimmys
,£15.29,€ 16.68,$19.46,¥139.00,Carhartt double knee (4 colours),https://www.allchinabuy.com/en/page/buy/?nTag=Home-search&from=search-input&_search=url&position=&url=https%3A%2F%2Fweidian.com%2Fitem.html%3FitemID%3D5976364618%26spider_token%3D4572&&partnercode=Jimmys
,£9.79,€ 10.68,$12.46,¥89.00,Extra baggy pants,https://www.allchinabuy.com/en/page/buy/?nTag=Home-search&from=search-input&_search=url&position=&url=https%3A%2F%2Fdetail.tmall.com%2Fitem.htm%3Fid%3D677945801548&&partnercode=Jimmys
,£14.19,€ 15.48,$18.06,¥129.00,Flared jeans,https://www.allchinabuy.com/en/page/buy/?nTag=Home-search&from=search-input&_search=url&position=&url=https%3A%2F%2Fdetail.tmall.com%2Fitem.htm%3Fid%3D748009401296&&partnercode=Jimmys
,£24.20,€ 26.40,$30.80,¥220.00,Polar big boys (13 styles),https://www.allchinabuy.com/en/page/buy/?nTag=Home-search&from=search-input&_search=url&position=&url=https%3A%2F%2Fdetail.tmall.com%2Fitem.htm%3Fid%3D764215562225&&partnercode=Jimmys
,£36.19,€ 39.48,$46.06,¥329.00,Adidas Balenciaga jeans (2 colours),https://www.allchinabuy.com/en/page/buy/?nTag=Home-search&from=search-input&_search=url&position=&url=https%3A%2F%2Fdetail.tmall.com%2Fitem.htm%3Fid%3D702920423925%26ali_trackid%3D2%3Amm_119784642_132400295_108545700400&&partnercode=Jimmys
,£29.48,€ 32.16,$37.52,¥268.00,Bape jeans (20 styles),https://www.allchinabuy.com/en/page/buy/?nTag=Home-search&from=search-input&_search=url&position=&url=https%3A%2F%2Fdetail.tmall.com%2Fitem.htm%3Fid%3D694154099788&&partnercode=Jimmys
,£40.59,€ 44.28,$51.66,¥369.00,Denim tears jeans (2 colours),https://www.allchinabuy.com/en/page/buy/?nTag=Home-search&from=search-input&_search=url&position=&url=https%3A%2F%2Fdetail.tmall.com%2Fitem.htm%3Fid%3D728808313643&&partnercode=Jimmys
,£12.10,€ 13.20,$15.40,¥110.00,Polar big boys (8 styles),https://www.allchinabuy.com/en/page/buy/?nTag=Home-search&from=search-input&_search=url&position=&url=https%3A%2F%2Fitem.taobao.com%2Fitem.htm%3Fid%3D748888173285&partnercode=Jimmys
,£12.10,€ 13.20,$15.40,¥110.00,Baggy dime jeans (5 styles),https://www.allchinabuy.com/en/page/buy/?nTag=Home-search&from=search-input&_search=url&position=&url=https%3A%2F%2Fitem.taobao.com%2Fitem.htm%3Fid%3D770739808798&partnercode=Jimmys
,£10.45,€ 11.40,$13.30,¥95.00,Corteiz jeans (3 colours),https://www.allchinabuy.com/en/page/buy/?nTag=Home-search&from=search-input&_search=url&position=&url=https%3A%2F%2Fdetail.1688.com%2Foffer%2F794319701761.html%3F_t%3D1716753790393%26spm%3Da2615.7691456.co_1_0_tradenumdown_0_0_0_0_0_0_0000_0.0&partnercode=Jimmys
,£9.90,€ 10.80,$12.60,¥90.00,Running dog jeans (2 colours),https://www.allchinabuy.com/en/page/buy/?nTag=Home-search&from=search-input&_search=url&position=&url=https%3A%2F%2Fdetail.1688.com%2Foffer%2F703202516348.html%3F_t%3D1716753975243%26spm%3Da2615.7691456.co_1_0_tradenumdown_0_0_0_0_0_0_0000_0.0&partnercode=Jimmys
,,,,,,
Regular trousers,,,,,,
,£40.59,€ 44.28,$51.66,¥369.00,Jeans,https://www.allchinabuy.com/en/page/buy/?nTag=Home-search&from=search-input&_search=url&position=&url=https%3A%2F%2Fdetail.tmall.com%2Fitem.htm%3Fid%3D764117311484&&partnercode=Jimmys
,£13.20,€ 14.40,$16.80,¥120.00,Regular jeans,https://www.allchinabuy.com/en/page/buy/?nTag=Home-search&from=search-input&_search=url&position=&url=https%3A%2F%2Fdetail.tmall.com%2Fitem.htm%3Fid%3D719513387922&&partnercode=Jimmys
,,,,,,
Cargos,,,,,,
,£15.73,€ 17.16,$20.02,¥143.00,Baggy cargo pants (2 colours),https://www.allchinabuy.com/en/page/buy/?nTag=Home-search&from=search-input&_search=url&position=&url=https%3A%2F%2Fdetail.tmall.com%2Fitem.htm%3Fid%3D642714110543&&partnercode=Jimmys
,£9.79,€ 10.68,$12.46,¥89.00,Camo cargo pants,https://www.allchinabuy.com/en/page/buy/?nTag=Home-search&from=search-input&_search=url&position=&url=https%3A%2F%2Fdetail.tmall.com%2Fitem.htm%3Fid%3D650843005223&&partnercode=Jimmys
,£9.79,€ 10.68,$12.46,¥89.00,Baggy cargo jeans,https://www.allchinabuy.com/en/page/buy/?nTag=Home-search&from=search-input&_search=url&position=&url=https%3A%2F%2Fdetail.tmall.com%2Fitem.htm%3Fid%3D687419768496&&partnercode=Jimmys
,£7.59,€ 8.28,$9.66,¥69.00,Baggy cargo jeans (3 colours),https://www.allchinabuy.com/en/page/buy/?nTag=Home-search&from=search-input&_search=url&position=&url=https%3A%2F%2Fdetail.1688.com%2Foffer%2F714047162412.html&&partnercode=Jimmys
,£13.20,€ 14.40,$16.80,¥120.00,Corteiz cargos (10 styles),https://www.allchinabuy.com/en/page/buy/?nTag=Home-search&from=search-input&_search=url&position=&url=https%3A%2F%2Fdetail.1688.com%2Foffer%2F703196808300.html%3F_t%3D1716754221796%26spm%3Da2615.7691456.co_1_0_tradenumdown_0_0_0_0_0_0_0000_0.0&partnercode=Jimmys
,,,,,,
Joggers,,,,,,
,£15.40,€ 16.80,$19.60,¥140.00,Broken planet joggers,https://www.allchinabuy.com/en/page/buy/?nTag=Home-search&from=search-input&_search=url&position=&url=https%3A%2F%2Fweidian.com%2Fitem.html%3FitemID%3D7232765540&&partnercode=Jimmys
,£8.69,€ 9.48,$11.06,¥79.00,YOUNGLA joggers (7 colours),https://www.allchinabuy.com/en/page/buy/?nTag=Home-search&from=search-input&_search=url&position=&url=https%3A%2F%2Fdetail.tmall.com%2Fitem.htm%3Fid%3D683120370540&&partnercode=Jimmys
,£9.90,€ 10.80,$12.60,¥90.00,Corteiz joggers (47 styles),https://www.allchinabuy.com/en/page/buy/?nTag=Home-search&from=search-input&_search=url&position=&url=https%3A%2F%2Fdetail.1688.com%2Foffer%2F729858215900.html%3F_t%3D1716754285330%26spm%3Da2615.7691456.co_1_0_tradenumdown_0_0_0_0_0_0_0000_0.0&partnercode=Jimmys
,£6.05,€ 6.60,$7.70,¥55.00,Denim tears joggers (2 colours),https://www.allchinabuy.com/en/page/buy/?nTag=Home-search&from=search-input&_search=url&position=&url=https%3A%2F%2Fdetail.1688.com%2Foffer%2F730950770359.html%3F_t%3D1716754469105%26spm%3Da2615.7691456.co_1_0_tradenumdown_0_0_0_0_0_0_0000_0.0&partnercode=Jimmys
,£22.00,€ 24.00,$28.00,¥200.00,Nike Stussy joggers,https://www.allchinabuy.com/en/page/buy/?url=https%3A%2F%2Fweidian.com%2Fitem.html%3FitemId%3D7233133985%26vc_cps_track%3D1459920903_0_0&nTag=Cart-product&partnercode=Jimmys
,,,,,,
Trackpants,,,,,,
,£26.40,€ 28.80,$33.60,¥240.00,Supreme Umbro trackpants (3 colours),https://www.allchinabuy.com/en/page/buy/?nTag=Home-search&from=search-input&_search=url&position=&url=https%3A%2F%2Fitem.taobao.com%2Fitem.htm%3Fid%3D785858789659&&partnercode=Jimmys
,,,,,,
Shorts,,,,,,
,£6.49,€ 7.08,$8.26,¥59.00,Baggy cargo shorts (3 colours),https://www.allchinabuy.com/en/page/buy/?nTag=Home-search&from=search-input&_search=url&position=&url=https%3A%2F%2Fdetail.tmall.com%2Fitem.htm%3Fid%3D669517825842&&partnercode=Jimmys
,£25.08,€ 27.36,$31.92,¥228.00,Bones jean shorts (2 colours),https://www.allchinabuy.com/en/page/buy/?nTag=Home-search&from=search-input&_search=url&position=&url=https%3A%2F%2Fdetail.tmall.com%2Fitem.htm%3Fid%3D642651675535&&partnercode=Jimmys
,£2.53,€ 2.76,$3.22,¥23.00,EE mesh shorts (2 colours),https://www.allchinabuy.com/en/page/buy/?nTag=Home-search&from=search-input&_search=url&position=&url=https%3A%2F%2Fdetail.1688.com%2Foffer%2F671494985197.html&&partnercode=Jimmys
,£29.48,€ 32.16,$37.52,¥268.00,Gucci jean shorts,https://www.allchinabuy.com/en/page/buy/?nTag=Home-search&from=search-input&_search=url&position=&url=https%3A%2F%2Fweidian.com%2Fitem.html%3FitemID%3D6125319188%26spider_token%3D4572&&partnercode=Jimmys
,£4.29,€ 4.68,$5.46,¥39.00,Jean shorts (3 colours),https://www.allchinabuy.com/en/page/buy/?nTag=Home-search&from=search-input&_search=url&position=&url=https%3A%2F%2Fdetail.tmall.com%2Fitem.htm%3Fid%3D672983291759&&partnercode=Jimmys
,£11.99,€ 13.08,$15.26,¥109.00,Represent shorts (4 colours),https://www.allchinabuy.com/en/page/buy/?nTag=Home-search&from=search-input&_search=url&position=&url=https%3A%2F%2Fweidian.com%2Fitem.html%3FitemID%3D7238092764%26spider_token%3De9d1&&partnercode=Jimmys
,£15.18,€ 16.56,$19.32,¥138.00,Basketball shorts (36 styles),https://www.allchinabuy.com/en/page/buy/?nTag=Home-search&from=search-input&_search=url&position=&url=https%3A%2F%2Fweidian.com%2Fitem.html%3FitemID%3D7231236826&partnercode=Jimmys
,£14.19,€ 15.48,$18.06,¥129.00,Trapster shorts (36 styles),https://www.allchinabuy.com/en/page/buy/?nTag=Home-search&from=search-input&_search=url&position=&url=https%3A%2F%2Fweidian.com%2Fitem.html%3FitemID%3D7235577986%26spider_token%3D403f&&partnercode=Jimmys
,£10.89,€ 11.88,$13.86,¥99.00,Palm angels shorts (20 colours),https://www.allchinabuy.com/en/page/buy/?nTag=Home-search&from=search-input&_search=url&position=&url=https%3A%2F%2Fweidian.com%2Fitem.html%3FitemID%3D7235568302%26spider_token%3Db709&&partnercode=Jimmys
,£12.10,€ 13.20,$15.40,¥110.00,Polar big boys jean shorts (6 styles),https://www.allchinabuy.com/en/page/buy/?nTag=Home-search&from=search-input&_search=url&position=&url=https%3A%2F%2Fitem.taobao.com%2Fitem.htm%3Fid%3D748888173285&partnercode=Jimmys
,£14.08,€ 15.36,$17.92,¥128.00,Stussy shorts (6 styles),https://www.allchinabuy.com/en/page/buy/?nTag=Home-search&from=search-input&_search=url&position=&url=https%3A%2F%2Fweidian.com%2Fitem.html%3FitemID%3D7233301801%26spider_token%3D0ffd&partnercode=Jimmys
,£17.49,€ 19.08,$22.26,¥159.00,Ralph Lauren shorts (5 colours),https://www.allchinabuy.com/en/page/buy/?url=https%3A%2F%2Fweidian.com%2Fitem.html%3FitemId%3D7236515393%26vc_cps_track%3D1459920903_0_0&&&partnercode=Jimmys
,£1.87,€ 2.04,$2.38,¥17.00,EE shorts (18 colours),https://www.allchinabuy.com/en/page/buy/?from=search-input&url=https%3A%2F%2Fdetail.1688.com%2Foffer%2F641649880091.html&&&partnercode=Jimmys
,£11.55,€ 12.60,$14.70,¥105.00,Corteiz cargo shorts (8 colours),https://www.allchinabuy.com/en/page/buy/?nTag=Home-search&from=search-input&_search=url&position=&url=https%3A%2F%2Fdetail.1688.com%2Foffer%2F708496625992.html%3Fspm%3Da26352.b28411319.offerlist.1.6ab51e62jyn6WT&partnercode=Jimmys
,£11.00,€ 12.00,$14.00,¥100.00,Running dog jean shorts (3 colours),https://www.allchinabuy.com/en/page/buy/?nTag=Home-search&from=search-input&_search=url&position=&url=https%3A%2F%2Fdetail.1688.com%2Foffer%2F800036016307.html%3Fspm%3Da2615.12330364.wp_offercolumnnew.0&partnercode=Jimmys
,£7.48,€ 8.16,$9.52,¥68.00,Essentials shorts (6 colours),https://www.allchinabuy.com/en/page/buy/?nTag=Home-search&from=search-input&_search=url&position=&url=https%3A%2F%2Fdetail.1688.com%2Foffer%2F714452317063.html%3F_t%3D1716753528726%26spm%3Da2615.7691456.co_1_0_wangpu_score_0_0_0_0_0_0_0000_0.0&partnercode=Jimmys
,£7.70,€ 8.40,$9.80,¥70.00,Corteiz shorts (9 colours),https://www.allchinabuy.com/en/page/buy/?nTag=Home-search&from=search-input&_search=url&position=&url=https%3A%2F%2Fdetail.1688.com%2Foffer%2F703721482675.html%3F_t%3D1716753642761%26spm%3Da2615.7691456.co_1_0_tradenumdown_0_0_0_0_0_0_0000_0.0&partnercode=Jimmys
,£10.45,€ 11.40,$13.30,¥95.00,Corteiz Jorts,https://www.allchinabuy.com/en/page/buy/?nTag=Home-search&from=search-input&_search=url&position=&url=https%3A%2F%2Fdetail.1688.com%2Foffer%2F794319701761.html%3F_t%3D1716753790393%26spm%3Da2615.7691456.co_1_0_tradenumdown_0_0_0_0_0_0_0000_0.0&partnercode=Jimmys
,£9.35,€ 10.20,$11.90,¥85.00,Gymshark shorts (3 colours),https://www.allchinabuy.com/en/page/buy/?url=https%3A%2F%2Fdetail.1688.com%2Foffer%2F772659426243.html&nTag=Cart-product&partnercode=Jimmys
,,,,,,
Jackets,,,,,,
Hooded jackets,,,,,,
,£37.29,€ 40.68,$47.46,¥339.00,North face jacket (3 colours),https://www.allchinabuy.com/en/page/buy/?nTag=Home-search&from=search-input&_search=url&position=&url=https%3A%2F%2Fdetail.tmall.com%2Fitem.htm%3Fid%3D654330993359&&partnercode=Jimmys
,£35.20,€ 38.40,$44.80,¥320.00,North face goretex jacket (7 colours),https://www.allchinabuy.com/en/page/buy/?nTag=Home-search&from=search-input&_search=url&position=&url=https%3A%2F%2Fdetail.tmall.com%2Fitem.htm%3Fid%3D692270517324&&partnercode=Jimmys
,£27.39,€ 29.88,$34.86,¥249.00,North face goretex jacket (7 colours),https://www.allchinabuy.com/en/page/buy/?nTag=Home-search&from=search-input&_search=url&position=&url=https%3A%2F%2Fweidian.com%2Fitem.html%3FitemID%3D7237737731%26spider_token%3D703b&&partnercode=Jimmys
,£19.80,€ 21.60,$25.20,¥180.00,Arcteryx goretex jacket (35 styles),https://www.allchinabuy.com/en/page/buy/?nTag=Home-search&from=search-input&_search=url&position=&url=https%3A%2F%2Fshop1802771872.v.weidian.com%2Fitem.html%3FitemID%3D6338187156&&partnercode=Jimmys
,£17.60,€ 19.20,$22.40,¥160.00,Corteiz jackets (7 colours),https://www.allchinabuy.com/en/page/buy/?nTag=Home-search&from=search-input&_search=url&position=&url=https%3A%2F%2Fdetail.1688.com%2Foffer%2F734055196092.html%3F_t%3D1716754950359%26spm%3Da2615.7691456.co_1_0_tradenumdown_0_0_0_0_0_0_0000_0.0&partnercode=Jimmys
,,,,,,
No hood,,,,,,
,£43.78,€ 47.76,$55.72,¥398.00,Varsity jacket (4 styles),https://www.allchinabuy.com/en/page/buy/?nTag=Home-search&from=search-input&_search=url&position=&url=https%3A%2F%2Fdetail.tmall.com%2Fitem.htm%3Fid%3D656000597652&&partnercode=Jimmys
,£27.28,€ 29.76,$34.72,¥248.00,Revenge varsity jacket,https://www.allchinabuy.com/en/page/buy/?nTag=Home-search&from=search-input&_search=url&position=&url=https%3A%2F%2Fdetail.tmall.com%2Fitem.htm%3Fid%3D657508664064&&partnercode=Jimmys
,£17.38,€ 18.96,$22.12,¥158.00,Is jacket (3 colours),https://www.allchinabuy.com/en/page/buy/?nTag=Home-search&from=search-input&_search=url&position=&url=https%3A%2F%2Fdetail.tmall.com%2Fitem.htm%3Fid%3D653846291857&&partnercode=Jimmys
,£24.09,€ 26.28,$30.66,¥219.00,Palm angels jean jacket (2 colours),https://www.allchinabuy.com/cn/page/buy/?nTag=Home-search&from=search-input&_search=url&position=&url=https%3A%2F%2Fweidian.com%2Fitem.html%3FitemID%3D7235461484%26spider_token%3Df292&&partnercode=Jimmys
,£10.45,€ 11.40,$13.30,¥95.00,Corteiz jean jacket (3 colours),https://www.allchinabuy.com/en/page/buy/?nTag=Home-search&from=search-input&_search=url&position=&url=https%3A%2F%2Fdetail.1688.com%2Foffer%2F794319701761.html%3F_t%3D1716753790393%26spm%3Da2615.7691456.co_1_0_tradenumdown_0_0_0_0_0_0_0000_0.0&partnercode=Jimmys
,,,,,,
Coats,,,,,,
Puffer jackets,,,,,,
,£46.09,€ 50.28,$58.66,¥419.00,Trapster coat,https://www.allchinabuy.com/en/page/buy/?nTag=Home-search&from=search-input&_search=url&position=&url=https%3A%2F%2Fweidian.com%2Fitem.html%3FitemID%3D7234117005&&partnercode=Jimmys
,£34.98,€ 38.16,$44.52,¥318.00,North face puffer coat (13 colours),https://www.allchinabuy.com/en/page/buy/?nTag=Home-search&from=search-input&_search=url&position=&url=https%3A%2F%2Fweidian.com%2Fitem.html%3FitemID%3D7235511972%26spider_token%3D1d5a&&partnercode=Jimmys
,£22.00,€ 24.00,$28.00,¥200.00,Corteiz bolo puffer coat (4 colours),https://www.allchinabuy.com/en/page/buy/?nTag=Home-search&from=search-input&_search=url&position=&url=https%3A%2F%2Fdetail.1688.com%2Foffer%2F761927562797.html%3F_t%3D1716754138221%26spm%3Da2615.7691456.co_1_0_tradenumdown_0_0_0_0_0_0_0000_0.0&partnercode=Jimmys
,£88.00,€ 96.00,$112.00,¥800.00,Cp company coat,https://www.allchinabuy.com/en/page/buy/?url=https%3A%2F%2Fweidian.com%2Fitem.html%3FitemId%3D7233137853%26vc_cps_track%3D1459920903_0_0&nTag=Cart-product&partnercode=Jimmys
,,,,,,
Gilets,,,,,,
,£34.98,€ 38.16,$44.52,¥318.00,North face gilet (6 colours),https://www.allchinabuy.com/en/page/buy/?nTag=Home-search&from=search-input&_search=url&position=&url=https%3A%2F%2Fweidian.com%2Fitem.html%3FitemID%3D7237621473%26spider_token%3D6ef6&&partnercode=Jimmys
,,,,,,
Tracksuits,,,,,,
,£20.68,€ 22.56,$26.32,¥188.00,Nike tech fleece (50 colours),https://www.allchinabuy.com/en/page/buy/?nTag=Home-search&from=search-input&_search=url&position=&url=https%3A%2F%2Fitem.taobao.com%2Fitem.htm%3Fid%3D676700645113&&&partnercode=Jimmys
,£10.78,€ 11.76,$13.72,¥98.00,Corteiz short set (20 styles),https://www.allchinabuy.com/en/page/buy/?url=https%3A%2F%2Fitem.taobao.com%2Fitem.htm%3Fid%3D674374397345&nTag=Agent-product-search&from=search-input&search=url&position=5&&partnercode=Jimmys
,£44.00,€ 48.00,$56.00,¥400.00,Supreme tracksuit (2 colours),https://www.allchinabuy.com/en/page/buy/?nTag=Home-search&from=search-input&_search=url&position=&url=https%3A%2F%2Fitem.taobao.com%2Fitem.htm%3Fid%3D785853508085&&partnercode=Jimmys
,£26.40,€ 28.80,$33.60,¥240.00,Supreme shell tracksuit (4 styles),https://www.allchinabuy.com/en/page/buy/?nTag=Home-search&from=search-input&_search=url&position=&url=https%3A%2F%2Fitem.taobao.com%2Fitem.htm%3Fid%3D785858789659&&partnercode=Jimmys
,£55.00,€ 60.00,$70.00,¥500.00,Supreme shell tracksuit (5 styles),https://www.allchinabuy.com/en/page/buy/?nTag=Home-search&from=search-input&_search=url&position=&url=https%3A%2F%2Fweidian.com%2Fitem.html%3FitemID%3D7234113830&&partnercode=Jimmys
,£37.40,€ 40.80,$47.60,¥340.00,Trapster tracksuit,https://www.allchinabuy.com/en/page/buy/?nTag=Home-search&from=search-input&_search=url&position=&url=https%3A%2F%2Fweidian.com%2Fitem.html%3FitemID%3D7235018395&&partnercode=Jimmys
,£39.60,€ 43.20,$50.40,¥360.00,Trapster tracksuit,https://www.allchinabuy.com/en/page/buy/?nTag=Home-search&from=search-input&_search=url&position=&url=https%3A%2F%2Fweidian.com%2Fitem.html%3FitemID%3D7235106792&&partnercode=Jimmys
,£14.19,€ 15.48,$18.06,¥129.00,Palm angels tracksuit  (10 colours),https://www.allchinabuy.com/en/page/buy/?nTag=Home-search&from=search-input&_search=url&position=&url=https%3A%2F%2Fweidian.com%2Fitem.html%3FitemID%3D7234571629%26spider_token%3Db186&&partnercode=Jimmys
,£31.35,€ 34.20,$39.90,¥285.00,Nike nocta tracksuit (3 colours),https://www.allchinabuy.com/en/page/buy/?url=https%3A%2F%2Fweidian.com%2Fitem.html%3FitemId%3D7237401096%26vc_cps_track%3D1459920903_0_0%26vc_cps_track%3D1459920903_0_0&&partnercode=Jimmys
,£14.08,€ 15.36,$17.92,¥128.00,Trapster tracksuit (5 styles),https://www.allchinabuy.com/en/page/buy/?nTag=Home-search&from=search-input&_search=url&position=&url=https%3A%2F%2Fdetail.1688.com%2Foffer%2F756767725237.html%3F_t%3D1716754056111%26spm%3Da2615.7691456.co_1_0_tradenumdown_0_0_0_0_0_0_0000_0.0&partnercode=Jimmys
,,,,,,
Accessories,,,,,,
Glasses,,,,,,
,£21.89,€ 23.88,$27.86,¥199.00,Prada sunglasses (2 colours),https://www.allchinabuy.com/en/page/buy/?nTag=Home-search&from=search-input&_search=url&position=&url=https%3A%2F%2Fweidian.com%2Fitem.html%3FitemID%3D7236824957%26spider_token%3D5d9b&partnercode=Jimmys
,£5.28,€ 5.76,$6.72,¥48.00,Y2K sunglasses (10 colours),https://www.allchinabuy.com/en/page/buy/?nTag=Home-search&from=search-input&_search=url&position=&url=https%3A%2F%2Fdetail.tmall.com%2Fitem.htm%3Fid%3D677335233241&&partnercode=Jimmys
,£1.36,€ 1.49,$1.74,¥12.40,Sunglasses ,https://www.allchinabuy.com/en/page/buy/?nTag=Home-search&from=search-input&_search=url&position=&url=https%3A%2F%2Fdetail.tmall.com%2Fitem.htm%3Fid%3D701519156032&&partnercode=Jimmys
,£9.35,€ 10.20,$11.90,¥85.00,Cartier sunglasses (21 colours),https://www.allchinabuy.com/en/page/buy/?nTag=Home-search&from=search-input&_search=url&position=&url=https%3A%2F%2Fdetail.tmall.com%2Fitem.htm%3Fid%3D644406822452&&partnercode=Jimmys
,,,,,,
Bags,,,,,,
,£18.59,€ 20.28,$23.66,¥169.00,Supreme bumbag,https://www.allchinabuy.com/en/page/buy/?nTag=Home-search&from=search-input&_search=url&position=&url=https%3A%2F%2Fdetail.tmall.com%2Fitem.htm%3Fid%3D635422452202&&partnercode=Jimmys
,£31.79,€ 34.68,$40.46,¥289.00,Supreme rucksack (2 colours),https://www.allchinabuy.com/en/page/buy/?nTag=Home-search&from=search-input&_search=url&position=&url=https%3A%2F%2Fdetail.tmall.com%2Fitem.htm%3Fid%3D637244228518&&partnercode=Jimmys
,£5.35,€ 5.84,$6.81,¥48.64,Oakley sling bag (3 colours),https://www.allchinabuy.com/en/page/buy/?nTag=Home-search&from=search-input&_search=url&position=&url=https%3A%2F%2Fmobile.yangkeduo.com%2Fgoods2.html%3Fgoods_id%3D522918878300&&partnercode=Jimmys
,,,,,,
Scarfs,,,,,,
,£15.18,€ 16.56,$19.32,¥138.00,Burberry scarf (8 styles),https://www.allchinabuy.com/en/page/buy/?nTag=Home-search&from=search-input&_search=url&position=&url=https%3A%2F%2Fweidian.com%2Fitem.html%3FitemID%3D7053973412&partnercode=Jimmys
Hats,,,,,,
,£9.90,€ 10.80,$12.60,¥90.00,Prada hat (35 styles),https://www.allchinabuy.com/en/page/buy/?url=https%3A%2F%2Fweidian.com%2Fitem.html%3FitemId%3D6536261800%26vc_cps_track%3D1459920903_0_0&partnercode=Jimmys
,£0.55,€ 0.60,$0.70,¥5.00,Anita max wynn hat (10 colours),https://www.allchinabuy.com/en/page/buy/?nTag=Home-search&from=search-input&_search=url&position=&url=https%3A%2F%2Fdetail.1688.com%2Foffer%2F759291941119.html&&partnercode=Jimmys
,£8.69,€ 9.48,$11.06,¥79.00,Gap flame hat,https://www.allchinabuy.com/en/page/buy/?url=https%3A%2F%2Fdetail.tmall.com%2Fitem.htm%3Fid%3D739501131658%26ali_trackid%3D2%3Amm_119784642_132400295_108545700400&&partnercode=Jimmys
,£11.55,€ 12.60,$14.70,¥105.00,Stone island glow in the dark balaclava,https://www.allchinabuy.com/en/page/buy/?nTag=Home-search&from=search-input&_search=url&position=&url=https%3A%2F%2Fdetail.tmall.com%2Fitem.htm%3Fid%3D695189963576&&partnercode=Jimmys
,£9.68,€ 10.56,$12.32,¥88.00,Supreme Tom and Jerry beanie,https://www.allchinabuy.com/en/page/buy/?nTag=Home-search&from=search-input&_search=url&position=&url=https%3A%2F%2Fdetail.tmall.com%2Fitem.htm%3Fid%3D561401962780&&partnercode=Jimmys
,£6.38,€ 6.96,$8.12,¥58.00,Gallery dept hat (33 colours),https://www.allchinabuy.com/en/page/buy/?nTag=Home-search&from=search-input&_search=url&position=&url=https%3A%2F%2Fdetail.tmall.com%2Fitem.htm%3Fid%3D664948435986&&partnercode=Jimmys
,£2.20,€ 2.40,$2.80,¥20.00,New era hats (51 styles),https://www.allchinabuy.com/en/page/buy/?nTag=Home-search&from=search-input&_search=url&position=&url=https%3A%2F%2Fitem.taobao.com%2Fitem.htm%3Fid%3D765247226987&&&partnercode=Jimmys
,,,,,,
Watches,,,,,,
,£61.38,€ 66.96,$78.12,¥558.00,Cartier watch (15 styles),https://www.allchinabuy.com/en/page/buy/?url=https%3A%2F%2Fweidian.com%2Fitem.html%3FitemId%3D6078399640%26vc_cps_track%3D1459920903_0_0&partnercode=Jimmys
,£75.68,€ 82.56,$96.32,¥688.00,Claw alabaster watch (4 colours),https://www.allchinabuy.com/en/page/buy/?url=https%3A%2F%2Fdetail.tmall.com%2Fitem.htm%3Fid%3D740378468509&nTag=Cart-product&&partnercode=Jimmys
,,,,,,
Wallets,,,,,,
,£3.85,€ 4.20,$4.90,¥35.00,Goyard card holder (16 colours),https://www.allchinabuy.com/en/page/buy/?from=search-input&url=https%3A%2F%2Fdetail.tmall.com%2Fitem_o.htm%3Fid%3D675330231400&&&partnercode=Jimmys
,£7.26,€ 7.92,$9.24,¥66.00,Off white card holder,https://www.allchinabuy.com/en/page/buy/?nTag=Home-search&from=search-input&_search=url&position=&url=https%3A%2F%2Fdetail.tmall.com%2Fitem.htm%3Fid%3D644124810943&&partnercode=Jimmys
,£1.87,€ 2.04,$2.38,¥17.00,Gucci wallets (10 styles),https://www.allchinabuy.com/en/page/buy/?nTag=Home-search&from=search-input&_search=url&position=&url=https%3A%2F%2Fdetail.1688.com%2Foffer%2F609686336337.html&&partnercode=Jimmys
,,,,,,
Belts,,,,,,
,£14.19,€ 15.48,$18.06,¥129.00,Stussy belt,https://www.allchinabuy.com/en/page/buy/?url=https%3A%2F%2Fitem.taobao.com%2Fitem.htm%3Fid%3D784571363847%26ali_trackid%3D2%3Amm_117358474_33384934_118778578&&partnercode=Jimmys
,,,,,,
Jewellery,,,,,,
,£11.00,€ 12.00,$14.00,¥100.00,Maison margiela bracelet (2 colours),https://www.allchinabuy.com/en/page/buy/?nTag=Home-search&from=search-input&_search=url&position=&url=https%3A%2F%2Fdetail.tmall.com%2Fitem.htm%3Fid%3D691869542791&&partnercode=Jimmys
,£3.94,€ 4.30,$5.01,¥35.80,Vivienne Westwood necklace,https://www.allchinabuy.com/en/page/buy/?nTag=Home-search&from=search-input&_search=url&position=&url=https%3A%2F%2Fdetail.tmall.com%2Fitem.htm%3Fid%3D523158699359&&partnercode=Jimmys
,£2.13,€ 2.33,$2.71,¥19.39,Bracelets ,https://www.allchinabuy.com/en/page/buy/?nTag=Home-search&from=search-input&_search=url&position=&url=https%3A%2F%2Fdetail.tmall.com%2Fitem.htm%3Fid%3D700605823066&&partnercode=Jimmys
,£4.29,€ 4.68,$5.46,¥39.00,MF doom ring (4 colours),https://www.allchinabuy.com/en/page/buy/?nTag=Home-search&from=search-input&_search=url&position=&url=https%3A%2F%2Fdetail.tmall.com%2Fitem.htm%3Fid%3D578288351281&&partnercode=Jimmys
,£2.78,€ 3.03,$3.54,¥25.27,Cuban bracelet (3 colours),https://www.allchinabuy.com/en/page/buy/?nTag=Home-search&from=search-input&_search=url&position=&url=https%3A%2F%2Fdetail.tmall.com%2Fitem.htm%3Fid%3D669033373778&&partnercode=Jimmys
,£1.97,€ 2.15,$2.51,¥17.95,Rings (14 styles),https://www.allchinabuy.com/en/page/buy/?nTag=Home-search&from=search-input&_search=url&position=&url=https%3A%2F%2Fdetail.tmall.com%2Fitem.htm%3Fid%3D692522999284&&partnercode=Jimmys
,,,,,,
Underwear,,,,,,
Socks,,,,,,
,£2.53,€ 2.76,$3.22,¥23.00,Nike socks (2 colours),https://www.allchinabuy.com/en/page/buy/?nTag=Home-search&from=search-input&_search=url&position=&url=https%3A%2F%2Fweidian.com%2Fitem.html%3FitemID%3D7236134509%26spider_token%3D93f7&partnercode=Jimmys
,£0.48,€ 0.53,$0.62,¥4.40,Palace socks (2 colours),https://www.allchinabuy.com/en/page/buy/?nTag=Home-search&from=search-input&_search=url&position=&url=https%3A%2F%2Fdetail.1688.com%2Foffer%2F582488662755.html&&partnercode=Jimmys
,£0.48,€ 0.53,$0.62,¥4.40,Travis Scott socks (4 colours),https://www.allchinabuy.com/en/page/buy/?nTag=Home-search&from=search-input&_search=url&position=&url=https%3A%2F%2Fdetail.1688.com%2Foffer%2F625075861325.html&&partnercode=Jimmys
,,,,,,
Pants,,,,,,
,£0.99,€ 1.08,$1.26,¥9.00,Tommy Hilfiger pants (5 colours),https://www.allchinabuy.com/en/page/buy/?from=search-input&url=https%3A%2F%2Fdetail.1688.com%2Foffer%2F691629914202.html&&&partnercode=Jimmys
,,,,,,
Other,,,,,,
,£0.11,€ 0.12,$0.14,¥1.00,Miniature kaws barebrick keychain (15 styles),https://www.allchinabuy.com/en/page/buy/?url=https%3A%2F%2Fitem.taobao.com%2Fitem.htm%3Fid%3D596021937423%26ali_trackid%3D2%3Amm_117358474_33384934_118778578&partnercode=Jimmys
,£7.15,€ 7.80,$9.10,¥65.00,Cool rugs (30 styles),https://www.allchinabuy.com/en/page/buy/?nTag=Home-search&from=search-input&_search=url&position=&url=https%3A%2F%2Fitem.taobao.com%2Fitem.htm%3Fid%3D615138792628&&partnercode=Jimmys
,£21.78,€ 23.76,$27.72,¥198.00,Broken Dior clock,https://www.allchinabuy.com/en/page/buy/?nTag=Home-search&from=search-input&_search=url&position=&url=https%3A%2F%2Fitem.taobao.com%2Fitem.htm%3Fid%3D671782631264&&partnercode=Jimmys
,£2.53,€ 2.76,$3.21,¥22.96,Kaws figure (50 styles),https://www.allchinabuy.com/en/page/buy/?nTag=Home-search&from=search-input&_search=url&position=&url=https%3A%2F%2Fitem.taobao.com%2Fitem.htm%3Fid%3D613721955387&&partnercode=Jimmys
,£10.78,€ 11.76,$13.72,¥98.00,YouTube play button (18 colours),https://www.allchinabuy.com/en/page/buy/?nTag=Home-search&from=search-input&_search=url&position=&url=https%3A%2F%2Fitem.taobao.com%2Fitem.htm%3Fid%3D673991675214&&partnercode=Jimmys
,£2.29,€ 2.50,$2.91,¥20.80,Phone cases (11 styles),https://www.allchinabuy.com/en/page/buy/?nTag=Home-search&from=search-input&_search=url&position=&url=https%3A%2F%2Fdetail.tmall.com%2Fitem.htm%3Fid%3D686900958351&&partnercode=Jimmys
,£0.50,€ 0.54,$0.63,¥4.50,Phone case (2 styles),https://www.allchinabuy.com/en/page/buy/?nTag=Home-search&from=search-input&_search=url&position=&url=https%3A%2F%2Fdetail.1688.com%2Foffer%2F667647980956.html&&partnercode=Jimmys